,pred_linear,pred_logistic
0,1095.654127364743,1.0
1,1205.0660198411647,1.0
2,1141.7385821870234,1.0
3,1126.543893262855,1.0
4,983.9694149540576,0.0
5,1177.7720277822455,1.0
6,1033.1338703041692,0.0
7,854.9729209383447,0.0
8,1056.5798547254226,1.0
9,1101.8398905989566,1.0
10,1250.37050702989,1.0
11,1058.6382764414352,1.0
12,1067.7698690521097,1.0
13,1093.084973207922,1.0
14,1174.9439472732552,1.0
15,1164.5969582524235,1.0
16,1023.3979534859777,1.0
17,904.344835364064,0.0
18,1280.3718649297878,1.0
19,1355.834061490032,1.0
20,1004.9744076578706,0.0
21,1248.3552244453726,1.0
22,1115.6169938068997,1.0
23,835.9889369862966,0.0
24,874.3859243802501,0.0
25,1274.222240262299,1.0
26,1133.1370019175179,1.0
27,1346.0882763941602,1.0
28,1020.2956142706416,0.0
29,1161.1791800956871,1.0
30,1229.46270141527,1.0
31,1161.091041769147,1.0
32,1112.5068593841029,1.0
33,1115.569517201661,1.0
34,1107.5416042480865,1.0
35,1058.7551226562011,1.0
36,1121.459103345739,1.0
37,1175.1071260787294,1.0
38,980.503195624682,0.0
39,1301.7751734357473,1.0
40,1029.0922893434665,1.0
41,692.156120268753,0.0
42,1062.5685605344167,1.0
43,989.8387753574934,0.0
44,1009.2980940500929,0.0
45,1068.1313688789894,1.0
46,1220.990296254513,1.0
47,1009.1287156618647,0.0
48,1244.3926294105856,1.0
49,1150.5168052585432,1.0
50,946.5788175090458,0.0
51,1402.8627564844155,1.0
52,1107.693458434882,1.0
53,705.7737300319683,0.0
54,1061.8986335846903,1.0
55,1182.3884084254942,1.0
56,999.9674979277152,0.0
57,1226.1857708557754,1.0
58,1153.5848517873255,1.0
59,1250.061418708748,1.0
60,1022.8576057168095,1.0
61,881.1804052365089,0.0
62,1049.0732543021556,1.0
63,1207.7953794122975,1.0
64,1310.613080904234,1.0
65,958.0551272968794,0.0
66,1027.006839883906,0.0
67,1236.085683600858,1.0
68,1232.7272491625863,1.0
69,1048.6696481202184,1.0
70,908.8076457460063,0.0
71,1030.3977382771668,0.0
72,1064.788275860587,1.0
73,1603.914702344718,1.0
74,1323.6790302680888,1.0
75,941.9121042601989,0.0
76,1164.6090035573984,1.0
77,931.0945122217763,0.0
78,1118.4152576400077,1.0
79,1231.7346828795878,1.0
80,1049.0286675813345,1.0
81,1087.023099117242,1.0
82,1338.549349039899,1.0
83,1120.7168846571415,1.0
84,1089.9683327048394,1.0
85,1130.8151832992883,1.0
86,1290.7260568290135,1.0
87,1082.5720608605357,1.0
88,1115.4091701582308,1.0
89,1133.0737687046346,1.0
90,1000.7532338867297,0.0
91,1184.8915952365512,1.0
92,985.511393945584,0.0
93,1027.7889672126348,0.0
94,1091.3110259108207,1.0
95,1113.0379520434399,1.0
96,973.9772073226568,0.0
97,1018.7057907814286,0.0
98,939.690181194668,0.0
99,982.2485874066222,0.0
100,1085.4492871144525,1.0
101,1301.6503427177279,1.0
102,1096.3968518023587,1.0
103,811.3605221616199,0.0
104,1175.930058965656,1.0
105,979.8746720181994,0.0
106,1019.7922990393989,0.0
107,1380.3950287477076,1.0
108,1006.2481887418769,0.0
109,943.0549904738723,0.0
110,959.1465042061006,0.0
111,1061.0977445031417,1.0
112,880.3063000041217,0.0
113,946.6567358475821,0.0
114,1158.8113373511273,1.0
115,1077.9655502890323,1.0
116,1046.791324694591,1.0
117,1309.0275993157697,1.0
118,892.5239916748847,0.0
119,1193.3372510081779,1.0
120,1086.5215918715296,1.0
121,1086.122822037527,1.0
122,1130.2999248956337,1.0
123,1295.3721892321532,1.0
124,1123.1399357840423,1.0
125,1060.5481241619057,1.0
126,846.9917436028476,0.0
127,1202.2622327454558,1.0
128,1033.9677764931903,1.0
129,1133.3341579750993,1.0
130,1434.8995208227875,1.0
131,1250.2666458863519,1.0
132,1251.7301303676836,1.0
133,989.061904146215,0.0
134,1156.5341618722944,1.0
135,911.229538373024,0.0
136,916.7285244635336,0.0
137,1155.3758862117804,1.0
138,914.8526895695426,0.0
139,1010.0737192596381,0.0
140,1129.5700067512357,1.0
141,1012.1047922469168,0.0
142,960.481393412787,0.0
143,1216.2506433269537,1.0
144,1059.660627007153,1.0
145,1242.5985539517133,1.0
146,873.0724767764416,0.0
147,1161.9221949473338,1.0
148,1000.2769658935184,0.0
149,891.6099459971365,0.0
150,961.6791420262609,0.0
151,1021.2520755771408,0.0
152,1372.5627036527103,1.0
153,962.4701349882995,0.0
154,1181.947100814312,1.0
155,1082.9337694821422,1.0
156,932.888840102537,0.0
157,983.6204384093755,0.0
158,883.195401505458,0.0
159,1445.6891427220378,1.0
160,888.2631438690911,0.0
161,1107.9026931224835,1.0
162,1105.53334461375,1.0
163,1093.644985917954,1.0
164,1082.3103798064606,1.0
165,1076.2627698920446,1.0
166,1201.6059319634157,1.0
167,1179.5631345840568,1.0
168,1236.7762522833775,1.0
169,1292.0919441268938,1.0
170,1318.3102663118589,1.0
171,1139.0570370700113,1.0
172,1168.3904075697947,1.0
173,1025.5147448475007,1.0
174,1176.8123218101287,1.0
175,1114.4065313146284,1.0
176,1044.4678040764559,1.0
177,1391.7429467196182,1.0
178,1079.0125008283737,1.0
179,812.1436997716387,0.0
180,1077.9459728659901,1.0
181,1161.4964283444303,1.0
182,976.3481801428063,0.0
183,939.2010828281327,0.0
184,1162.387388575319,1.0
185,1014.2760506938091,0.0
186,1333.224067375011,1.0
187,1101.555116462029,1.0
188,1093.1379388389832,1.0
189,1047.8124339951378,1.0
190,1110.4061981862885,1.0
191,1292.753871195685,1.0
192,1006.6258719099538,0.0
193,1154.757066510164,1.0
194,1516.760552442245,1.0
195,969.5017392168111,0.0
196,1013.0195067427719,0.0
197,1103.4968929070428,1.0
198,1255.8913108358274,1.0
199,912.9230973662137,0.0
200,955.3230759669843,0.0
201,1053.8600941768584,1.0
202,1303.0081156940437,1.0
203,1179.5595479716828,1.0
204,944.7273163885968,0.0
205,1095.750809988553,1.0
206,1319.6078938515502,1.0
207,1081.680325340247,1.0
208,1220.1216209947552,1.0
209,1272.2812968599856,1.0
210,1173.7233696263697,1.0
211,1009.7992728082598,0.0
212,1088.7727851439327,1.0
213,684.3024635597635,0.0
214,1089.3648422545177,1.0
215,1015.8782392622129,0.0
216,1269.2934547915395,1.0
217,931.18001267613,0.0
218,1574.6484397668294,1.0
219,1110.9977956610646,1.0
220,1041.3136315630334,1.0
221,1149.0242726508736,1.0
222,974.155394553657,0.0
223,1092.7065587180123,1.0
224,1107.1783555292332,1.0
225,1144.7873655627425,1.0
226,1144.4685716087843,1.0
227,1133.9047398922075,1.0
228,1068.2635745915757,1.0
229,1123.8392901359696,1.0
230,925.7675701753799,0.0
231,1137.2766424322926,1.0
232,877.2417455473808,0.0
233,961.2487274858966,0.0
234,1264.6646616009352,1.0
235,1217.6013855684914,1.0
236,1261.5771078671485,1.0
237,1175.4051673613426,1.0
238,1089.0895239763618,1.0
239,1288.4624125363928,1.0
240,1216.2916584695365,1.0
241,947.5977432648442,0.0
242,1147.1409117167836,1.0
243,1303.46272917703,1.0
244,981.2933679664325,0.0
245,1199.9085696415198,1.0
246,1213.787261143395,1.0
247,1020.7502947652312,0.0
248,1162.712482932225,1.0
249,1094.3121476810459,1.0
250,1005.8498494402031,0.0
251,1276.052115119742,1.0
252,893.3479514650323,0.0
253,683.9280316138468,0.0
254,1064.8303987751688,1.0
255,1028.0773170020582,1.0
256,1299.626594868701,1.0
257,988.4442872353836,0.0
258,692.158889735271,0.0
259,1075.531201378818,1.0
260,1169.258315091887,1.0
261,1009.9587810510656,0.0
262,1202.4195613008321,1.0
263,949.1663724457984,0.0
264,1144.6983844135107,1.0
265,1105.472393619959,1.0
266,1058.385903994192,1.0
267,1243.2088378103902,1.0
268,1121.1976637211058,1.0
269,1133.630698225625,1.0
270,1027.117506452473,1.0
271,1041.3533124413914,1.0
272,1073.5501462525806,1.0
273,1029.2050745887557,0.0
274,974.9502139297227,0.0
275,1114.2974208562266,1.0
276,1035.328676496478,1.0
277,951.9271161460747,0.0
278,1184.5350987739341,1.0
279,1086.3701893116934,1.0
280,1046.0898668248324,1.0
281,1089.0962814975007,1.0
282,700.3705363940289,0.0
283,1086.8350907135523,1.0
284,1197.9887673072417,1.0
285,1010.049245850675,0.0
286,1108.1812155379705,1.0
287,1065.5637657858106,1.0
288,983.6142416708899,0.0
289,1010.8569503448679,0.0
290,1152.1056330113418,1.0
291,1047.4899095421595,1.0
292,1044.5601552586156,1.0
293,1295.9976261981278,1.0
294,1293.1269510390484,1.0
295,980.3435414643525,0.0
296,1014.2261550494965,0.0
297,1046.6878158535185,1.0
298,1057.6081138791767,1.0
299,1201.7213940385234,1.0
300,1104.2642017268488,1.0
301,1036.1052851813185,1.0
302,1062.0358577327545,1.0
303,1109.2898343350269,1.0
304,1197.9164481413047,1.0
305,1402.574960714084,1.0
306,684.0719260077691,0.0
307,1185.1852791136726,1.0
308,868.1746633531061,0.0
309,1108.3600933860378,1.0
310,1021.3016477076274,0.0
311,1073.443484224419,1.0
312,1083.1541112949453,1.0
313,993.0326776171528,0.0
314,998.3972593929703,0.0
315,902.4585064728635,0.0
316,1163.9928098242024,1.0
317,1060.1037431165514,1.0
318,990.6713786096844,0.0
319,989.7055787919849,0.0
320,839.052127779463,0.0
321,1316.2710379145265,1.0
322,704.152895626379,0.0
323,1008.3471876245102,0.0
324,1441.6532990472908,1.0
325,1098.8742658415936,1.0
326,1069.9758777151794,1.0
327,1062.7404885811527,1.0
328,866.3255727116156,0.0
329,989.699235479608,0.0
330,1542.0202846851757,1.0
331,1131.1769212800482,1.0
332,1090.5302323813562,1.0
333,1063.457441698647,1.0
334,1087.2739333084314,1.0
335,1042.5577353396575,1.0
336,1147.2252210890774,1.0
337,1048.6929281310092,1.0
338,962.1633680817979,0.0
339,964.0112106264766,0.0
340,1140.8269965969093,1.0
341,1030.246357134261,0.0
342,1203.9964181402102,1.0
343,1292.4967577293442,1.0
344,1231.7124325381155,1.0
345,1035.0100722087523,0.0
346,982.4779284295283,0.0
347,1340.5696557244453,1.0
348,1020.0569485726203,0.0
349,1105.6483972773153,1.0
350,991.9141149535063,0.0
351,933.3834702901087,0.0
352,1155.9924262769164,1.0
353,958.6491583759947,0.0
354,1396.4330799241347,1.0
355,960.7393463779739,0.0
356,1140.7433144794988,1.0
357,1116.4179867839396,1.0
358,771.0425325753151,0.0
359,952.5397297800553,0.0
360,1154.1150966120001,1.0
361,882.8566085362846,0.0
362,1263.0690863301272,1.0
363,1130.8180107148728,1.0
364,981.4563672740592,0.0
365,949.9854682269199,0.0
366,1140.2382261685952,1.0
367,1548.948817239171,1.0
368,916.5721538598274,0.0
369,990.1105254967592,0.0
370,1062.9833361653618,1.0
371,863.8867835969851,0.0
372,1060.9240019675344,1.0
373,875.9573863346845,0.0
374,1139.460229326322,1.0
375,1155.8438893541602,1.0
376,931.9348540755201,0.0
377,1270.3290915556024,1.0
378,1015.239170906013,0.0
379,862.0201841980728,0.0
380,1200.2149811802253,1.0
381,1015.0035609899144,0.0
382,1070.8345569174378,1.0
383,970.763505917562,0.0
384,1294.1728736759096,1.0
385,1309.664313359242,1.0
386,1035.9198951855033,1.0
387,1173.2002410866573,1.0
388,1032.3497866238774,1.0
389,1295.8753240155438,1.0
390,920.7742628596816,0.0
391,1248.1515591927364,1.0
392,1070.107207417855,1.0
393,1279.881852477592,1.0
394,1054.4724390966758,1.0
395,1154.5455838777516,1.0
396,1269.6918408311565,1.0
397,1210.4455455062796,1.0
398,885.1555850767651,0.0
399,1176.9127945801526,1.0
400,1051.3271579650175,1.0
401,691.5393940019535,0.0
402,1286.4255021310728,1.0
403,1062.0018339915766,1.0
404,994.043599917333,0.0
405,1093.7487967606442,1.0
406,1445.7846885073754,1.0
407,970.4713332634944,0.0
408,1170.1907083961007,1.0
409,982.0009359359173,0.0
410,1163.86783946034,1.0
411,684.8400013622685,0.0
412,1087.9335114187306,1.0
413,1469.7914386311118,1.0
414,1397.5059206256067,1.0
415,1184.710911408964,1.0
416,687.7068550753822,0.0
417,1011.4514080191374,0.0
418,1289.4154908747164,1.0
419,1193.7368108505711,1.0
420,1028.3181708304953,1.0
421,1089.200795594623,1.0
422,1160.9606168176633,1.0
423,1413.4800103358943,1.0
424,1297.2935174151553,1.0
425,1105.575012384641,1.0
426,1166.5733995130017,1.0
427,863.0031381039372,0.0
428,1101.7355456823511,1.0
429,1065.4209360321584,1.0
430,913.968960586669,0.0
431,1100.0153698517124,1.0
432,1000.370534879116,0.0
433,1038.0492412574831,1.0
434,1114.6815502027305,1.0
435,1180.0483143372498,1.0
436,966.0328284126127,0.0
437,1168.3422803048616,1.0
438,981.9899524484506,0.0
439,1172.5727355853287,1.0
440,924.2642702479146,0.0
441,1458.3306232549357,1.0
442,1106.3588453185391,1.0
443,974.0042074612207,0.0
444,1097.5955203186543,1.0
445,1028.681358859026,1.0
446,1070.7735940136185,1.0
447,1271.1160744858475,1.0
448,1197.4364235796631,1.0
449,1129.0275817227348,1.0
450,1059.7704754227668,1.0
451,991.3119610906173,0.0
452,1030.2235781309464,1.0
453,1184.9410819794825,1.0
454,984.5562204589327,0.0
455,1124.9295512011788,1.0
456,1206.8091156375615,1.0
457,1072.7176366700687,1.0
458,934.3549430756872,0.0
459,1261.1436751873907,1.0
460,947.1936399195178,0.0
461,1080.8115500551523,1.0
462,1093.346882009895,1.0
463,784.180392120906,0.0
464,1129.3260661602678,1.0
465,1389.8892512188136,1.0
466,901.4343917726817,0.0
467,1353.0591819016715,1.0
468,1081.8377093020235,1.0
469,1234.9844058814979,1.0
470,1157.662207572676,1.0
471,1259.419074272596,1.0
472,1064.9770654190554,1.0
473,1343.6147852446845,1.0
474,1110.7835716761786,1.0
475,1071.0888202384308,1.0
476,1395.786073337937,1.0
477,1317.481791061731,1.0
478,1072.6872266897797,1.0
479,1154.8343217847123,1.0
480,1212.518077815755,1.0
481,1148.8356931019932,1.0
482,1051.6753335418264,1.0
483,1308.2182174952293,1.0
484,1170.2371357969257,1.0
485,701.0931172815667,0.0
486,1358.3774060384867,1.0
487,1225.5260854600715,1.0
488,1010.9058094594349,0.0
489,964.2167870862345,0.0
490,660.5678009332587,0.0
491,1178.4179842559624,1.0
492,933.8720319588488,0.0
493,859.7757291248269,0.0
494,1352.1836975275892,1.0
495,987.1881637321077,0.0
496,1159.2264214198271,1.0
497,1162.9185910726899,1.0
498,975.7150229719655,0.0
499,1012.0636699370214,0.0
500,1124.7984873310443,1.0
501,839.87791981538,0.0
502,1329.8337399518489,1.0
503,1009.0313788950023,0.0
504,713.0522360181569,0.0
505,1432.0008407557134,1.0
506,1016.2839152409085,0.0
507,980.7334083882895,0.0
508,1054.6376744739675,1.0
509,881.395413225044,0.0
510,1248.7121958041128,1.0
511,1130.7304768083245,1.0
512,780.944254633014,0.0
513,1364.8159572165796,1.0
514,1289.8698548458574,1.0
515,1152.1347910374461,1.0
516,959.7189334198334,0.0
517,692.9975494038424,0.0
518,1241.4367031587144,1.0
519,1050.1090818999783,1.0
520,985.7832523070524,0.0
521,1211.059581341021,1.0
522,1117.3169178600635,1.0
523,977.8694987281783,0.0
524,1189.3604780678788,1.0
525,1064.6499051283272,1.0
526,1113.0360892738797,1.0
527,1156.1449073769788,1.0
528,1166.5397154187756,1.0
529,1174.236025098768,1.0
530,1018.9511599167824,0.0
531,1013.4753475780535,1.0
532,1254.7979259537149,1.0
533,872.0416700061278,0.0
534,1023.5364979312989,1.0
535,1031.970109869227,1.0
536,1099.3267466307168,1.0
537,1153.4739558135645,1.0
538,684.3142203286521,0.0
539,723.7814379919625,0.0
540,1100.682235185282,1.0
541,1148.0973045846672,1.0
542,977.0589644129611,0.0
543,1357.500460879465,1.0
544,999.6418432695332,0.0
545,1230.594752485457,1.0
546,985.8367089668924,0.0
547,1041.2792078818134,1.0
548,1133.0887569649815,1.0
549,987.6307546011785,0.0
550,1176.4550825443687,1.0
551,1027.8392315972965,1.0
552,1182.6749711334255,1.0
553,956.4406649607217,0.0
554,1083.664711026836,1.0
555,1254.9291901879712,1.0
556,1043.2227814812793,1.0
557,987.2884757219464,0.0
558,786.4192635982408,0.0
559,1175.8605167851654,1.0
560,1148.7714727047626,1.0
561,1122.563538053035,1.0
562,1031.1489275950587,1.0
563,1015.8025359164355,0.0
564,1246.2701912038806,1.0
565,1049.652570023641,0.0
566,1023.7027051982639,0.0
567,899.5384159691101,0.0
568,1394.2979312599768,1.0
569,1066.605035435986,1.0
570,1133.0813737204587,1.0
571,1089.4124425207503,1.0
572,994.8474664755323,0.0
573,990.2550133650009,0.0
574,1054.5465611367144,1.0
575,1214.9966530217955,1.0
576,1372.6547851285513,1.0
577,1079.2500412897664,1.0
578,1056.7728768607515,1.0
579,1101.768335519427,1.0
580,963.6055851845169,0.0
581,946.8044021844219,0.0
582,1002.631249514111,0.0
583,1363.9020743775322,1.0
584,1318.377779361735,1.0
585,1295.6383047999907,1.0
586,1055.3318594766708,1.0
587,1187.0489334354575,1.0
588,828.6304203914458,0.0
589,1040.952443434847,1.0
590,1217.744750128256,1.0
591,987.779906125135,0.0
592,1307.0142974372272,1.0
593,1234.0492741460948,1.0
594,1135.2818356256512,1.0
595,919.5141994561232,0.0
596,999.653989832119,0.0
597,1115.362393691856,1.0
598,1026.5670307536438,0.0
599,1061.017331693031,1.0
600,1025.3759412165332,1.0
601,1063.7054392147852,1.0
602,1034.4978954856488,0.0
603,1181.2174114687293,1.0
604,868.7934087001044,0.0
605,1066.875122325991,1.0
606,925.1391253112452,0.0
607,1130.0444419026387,1.0
608,1198.7179801519894,1.0
609,949.2158626750562,0.0
610,977.6410793755549,0.0
611,1130.0919848694416,1.0
612,1064.7575174777367,1.0
613,1165.216516366424,1.0
614,1159.7328984983856,1.0
615,1033.0594745996057,1.0
616,1162.2596356240854,1.0
617,1162.7911589850737,1.0
618,1009.0224378450804,0.0
619,1168.0419753423748,1.0
620,685.24540153974,0.0
621,1028.3845920845458,0.0
622,991.6583352310618,0.0
623,1360.7462794696016,1.0
624,1026.819357536243,1.0
625,1113.465711461907,1.0
626,1413.6288573070865,1.0
627,1131.5111207203422,1.0
628,723.7543886833705,0.0
629,1083.783029267316,1.0
630,913.9693605235536,0.0
631,1132.6109926867234,1.0
632,1207.0021419992247,1.0
633,1232.2712052447894,1.0
634,1286.0289622412697,1.0
635,1148.7899601720244,1.0
636,835.6566094580863,0.0
637,937.2836152158341,0.0
638,1244.7209930017966,1.0
639,1113.4230742287907,1.0
640,996.6046314715853,0.0
641,1200.5788622603895,1.0
642,1009.1167793436845,0.0
643,994.4537954877121,0.0
644,1160.9122742601094,1.0
645,1221.2189962919863,1.0
646,1278.3770636137103,1.0
647,1081.5215435683917,1.0
648,1198.089593852288,1.0
649,1180.5216601130462,1.0
650,705.9035250433722,0.0
651,707.9599615536913,0.0
652,821.3427626247269,0.0
653,1402.415658004064,1.0
654,1509.6300302113134,1.0
655,1054.28953057554,1.0
656,1413.605548075995,1.0
657,1504.3177549453007,1.0
658,988.9582779988555,0.0
659,1269.1242058931482,1.0
660,1546.9896942742962,1.0
661,1453.9311520714668,1.0
662,1083.715080442883,1.0
663,1006.5495428028825,0.0
664,1183.0510770120086,1.0
665,1034.2381998746084,1.0
666,956.7666844893067,0.0
667,1206.0042226534163,1.0
668,1108.6947779720676,1.0
669,912.7384544151744,0.0
670,912.960072231418,0.0
671,1312.1605254087399,1.0
672,1016.0413486474561,0.0
673,1000.9666293328618,0.0
674,1450.9281264130725,1.0
675,1091.7238533333455,1.0
676,1127.6234499661653,1.0
677,1201.371960674407,1.0
678,1127.487950512243,1.0
679,1118.8852409489914,1.0
680,1070.6325641527178,1.0
681,1145.8204271769675,1.0
682,1001.384339596379,0.0
683,1195.0804886253193,1.0
684,898.1230544376411,0.0
685,1016.3028454924378,0.0
686,1226.7559076080986,1.0
687,1351.8043495136715,1.0
688,1008.9914583622551,0.0
689,1099.333062525945,1.0
690,1162.5750746902575,1.0
691,1607.2918738156623,1.0
692,1294.4658547968781,1.0
693,1091.3571465946316,1.0
694,1016.0915478088025,0.0
695,1268.2311655578442,1.0
696,946.0443339507236,0.0
697,679.8218906834293,0.0
698,996.5585111005818,0.0
699,1056.111540576152,1.0
700,1072.6278378180843,1.0
701,690.2780821547257,0.0
702,1083.6729575753066,1.0
703,1031.5902259699997,0.0
704,1024.413335070612,0.0
705,1104.7784156512453,1.0
706,1016.6631218419702,0.0
707,1054.0398073522979,1.0
708,1317.8281606366218,1.0
709,1125.1453179156122,1.0
710,982.8123176195802,0.0
711,1304.338578915882,1.0
712,1078.5671334565145,1.0
713,1289.031022880088,1.0
714,1380.325653279037,1.0
715,1166.320740557732,1.0
716,959.8974727436432,0.0
717,1146.7883746254515,1.0
718,1221.4525457116993,1.0
719,1049.2547986874154,1.0
720,1086.6525116113605,1.0
721,1180.968016159999,1.0
722,1147.3386874686703,1.0
723,1059.978458877175,1.0
724,1090.266163172316,1.0
725,722.1852665805955,0.0
726,1059.4560089943252,1.0
727,1028.643770725654,0.0
728,1203.769340262175,1.0
729,1025.6498698111877,1.0
730,1062.5364591584423,1.0
731,1049.068933032974,1.0
732,1147.7838994739755,1.0
733,1284.1021258042276,1.0
734,890.4113185159708,0.0
735,1166.4618813138363,1.0
736,1038.8945780021381,1.0
737,1149.258364092386,1.0
738,1201.9648575781746,1.0
739,1175.6302591565916,1.0
740,1090.06187301983,1.0
741,1013.1666053371966,0.0
742,1044.8523129887596,1.0
743,1013.9053389110006,0.0
744,1001.3109165913393,0.0
745,1551.6021324873477,1.0
746,1393.672018367593,1.0
747,686.3589000700825,0.0
748,1361.1777240126378,1.0
749,784.1445242168229,0.0
750,1216.1448795967153,1.0
751,1045.9376075247617,1.0
752,903.0345678879825,0.0
753,1131.3005006192461,1.0
754,1152.689456745477,1.0
755,1256.727824083886,1.0
756,939.8180790990017,0.0
757,1142.0879201952787,1.0
758,685.4547681675867,0.0
759,1200.023424421795,1.0
760,1086.9119668692388,1.0
761,1052.6738805657653,1.0
762,687.2979191270963,0.0
763,1239.3562529922017,1.0
764,1259.195051879752,1.0
765,1083.1497445897924,1.0
766,1368.4804221327577,1.0
767,998.338622710132,0.0
768,1232.417183485663,1.0
769,1118.3637726055065,1.0
770,1171.1220019595075,1.0
771,1242.8011938055872,1.0
772,965.6527022422536,0.0
773,1076.2750470359215,1.0
774,1008.1356586793721,0.0
775,1164.8526845418155,1.0
776,1336.3705417740593,1.0
777,1048.203739766274,1.0
778,1181.9184702760872,1.0
779,983.1993504774983,0.0
780,1389.9332541294466,1.0
781,1035.173708567048,0.0
782,1021.529409378587,1.0
783,1019.1850800181344,0.0
784,1484.9445053637671,1.0
785,1146.9442220230799,1.0
786,1094.3104244131562,1.0
787,1159.2703726434345,1.0
788,1162.0082309455918,1.0
789,1145.4482785362393,1.0
790,1108.762708660453,1.0
791,1176.7514644656965,1.0
792,1255.622272123212,1.0
793,958.1778299674444,0.0
794,970.2062132633964,0.0
795,989.9558616807618,0.0
796,1023.8795459279647,0.0
797,1102.547344230926,1.0
798,1061.3811868918453,1.0
799,1507.5936464785918,1.0
800,1055.92549065667,1.0
801,1405.624082408314,1.0
802,922.6176174673419,0.0
803,1330.390341438457,1.0
804,1049.7376044694822,1.0
805,1211.2886197729367,1.0
806,1066.3524185761341,1.0
807,1135.975284956568,1.0
808,1369.083259277639,1.0
809,1130.8949401007967,1.0
810,1182.1181760517688,1.0
811,988.7886982355362,0.0
812,1054.8294772332283,1.0
813,1039.6203508052126,1.0
814,1132.8455020108354,1.0
815,1151.0048045471547,1.0
816,1250.4474849094222,1.0
817,1034.4630769602868,1.0
818,1103.6693546542965,1.0
819,1103.540366732583,1.0
820,977.1310655339738,0.0
821,967.6695423358013,0.0
822,925.9669949434885,0.0
823,1018.1730972819458,0.0
824,882.5381525756421,0.0
825,1090.5590098750486,1.0
826,981.8769822641946,0.0
827,1066.0801061315651,1.0
828,1301.7672803264998,1.0
829,1308.104077424155,1.0
830,1170.8225551583655,1.0
831,900.3264429905921,0.0
832,1090.4740186508222,1.0
833,1170.6530516061835,1.0
834,983.0794705756344,0.0
835,1091.3977566277313,1.0
836,1259.4013064276598,1.0
837,1095.976369457743,1.0
838,1007.4002829327628,0.0
839,1118.9176851765483,1.0
840,1013.0015049262219,0.0
841,1144.1770154675617,1.0
842,1242.2762384548496,1.0
843,1094.4002417498448,1.0
844,1110.1521438607867,1.0
845,1197.7473959076483,1.0
846,1313.261925676078,1.0
847,1054.8687630800566,1.0
848,957.2865702468548,0.0
849,1211.9985441533936,1.0
850,931.2636020444988,0.0
851,833.0982401849477,0.0
852,1042.0129934483452,1.0
853,1214.9582645074595,1.0
854,1171.2728559224379,1.0
855,889.2230972582225,0.0
856,1259.787514739987,1.0
857,1399.2523960180297,1.0
858,1197.8547558296762,1.0
859,980.4786007824191,0.0
860,1088.5689493502869,1.0
861,684.2064062464325,0.0
862,947.2958862018041,0.0
863,1152.3267949866272,1.0
864,1055.4460517817943,1.0
865,1047.057840362428,1.0
866,913.7881858830619,0.0
867,1160.134072029602,1.0
868,1081.5303380923726,1.0
869,1121.3458079255336,1.0
870,993.3982549977043,0.0
871,995.7086392907522,0.0
872,836.1528934219954,0.0
873,1137.5474662764536,1.0
874,1166.3083278845018,1.0
875,984.4666672058261,0.0
876,1013.0930435232277,0.0
877,685.5371092505475,0.0
878,928.3300976974788,0.0
879,1097.7913305236546,1.0
880,1229.7489260311079,1.0
881,1246.0198705153025,1.0
882,965.1212328272311,0.0
883,1119.6462955424906,1.0
884,1379.5304525343129,1.0
885,1170.2881469346928,1.0
886,995.699772473249,0.0
887,954.7094484888754,0.0
888,1260.6974026776365,1.0
889,980.6991035274119,0.0
890,1089.28879625541,1.0
891,911.4046207110666,0.0
892,1031.8737997147612,0.0
893,1349.2257725291552,1.0
894,1188.4007022471449,1.0
895,1075.8453334213332,1.0
896,1158.2017226237806,1.0
897,1075.5636110148282,1.0
898,1125.7441971691464,1.0
899,1160.862123795068,1.0
900,1080.9910069248053,1.0
901,1147.2951042193235,1.0
902,963.7711034259987,0.0
903,1193.67891753057,1.0
904,684.5251632658319,0.0
905,1191.5262613926277,1.0
906,1087.5544041536327,1.0
907,957.3937742641424,0.0
908,1034.0166352001504,0.0
909,1318.753735001371,1.0
910,1303.320506696092,1.0
911,1147.7279073266554,1.0
912,1130.9394274235794,1.0
913,1105.1156564622888,1.0
914,1277.1968649683865,1.0
915,1526.4415200369565,1.0
916,989.4167850756195,0.0
917,679.8218906834293,0.0
918,1076.0784541340777,1.0
919,1036.3890400266882,1.0
920,1457.4288540042544,1.0
921,1009.8286184722899,0.0
922,1323.0076221417785,1.0
923,1076.9248443859328,1.0
924,1261.4555665225166,1.0
925,1055.044486510708,1.0
926,1062.186098543153,1.0
927,1102.5763016299102,1.0
928,1015.9202900546302,0.0
929,1111.2790490645523,1.0
930,1176.4417825802325,1.0
931,883.3963600997243,0.0
932,1175.4808750695947,1.0
933,1114.0247002165665,1.0
934,1110.6462454124312,1.0
935,1133.0152690750242,1.0
936,1315.6359905477468,1.0
937,877.7696131070973,0.0
938,1304.7325986073167,1.0
939,1263.4281600803781,1.0
940,1367.2955758095845,1.0
941,1359.0540126325368,1.0
942,1126.9176953410042,1.0
943,981.3005060140838,0.0
944,1143.7612572992816,1.0
945,1051.8284428819004,1.0
946,1126.5225700643616,1.0
947,1032.4006799857375,1.0
948,1022.2787586144569,0.0
949,1155.0799078668933,1.0
950,1334.4893655418944,1.0
951,1177.3404596053194,1.0
952,1019.0314564029245,0.0
953,993.7768526693426,0.0
954,1367.1258922682082,1.0
955,805.7649819149404,0.0
956,734.1115013248892,0.0
957,1130.316305784299,1.0
958,1130.1989547798637,1.0
959,1097.5945580565701,1.0
960,1094.5770295542884,1.0
961,959.9623181678523,0.0
962,1026.6503995659507,1.0
963,1052.051682310564,0.0
964,679.8218906834293,0.0
965,1000.6071661492758,0.0
966,1057.1597842878102,1.0
967,1228.4881138241262,1.0
968,1234.4733519740141,1.0
969,967.3414687309663,0.0
970,990.54291896979,0.0
971,967.9863999088615,0.0
972,1095.718142924333,1.0
973,1122.7431383122362,1.0
974,1361.4012514743158,1.0
975,994.0724615285661,0.0
976,805.4679041827359,0.0
977,984.7350169762353,0.0
978,1151.0572268802673,1.0
979,932.6651974876755,0.0
980,1068.912542912579,1.0
981,1035.452159570593,1.0
982,1069.5235852721878,1.0
983,1397.0399003516466,1.0
984,993.6257458187158,0.0
985,1309.1559754549073,1.0
986,962.3428885294927,0.0
987,1065.7117827109823,1.0
988,1011.7188473085671,0.0
989,816.1821099540102,0.0
990,1160.5436861973187,1.0
991,972.9091789768237,0.0
992,1082.3274052841416,1.0
993,1052.5943635228957,1.0
994,838.3354017382609,0.0
995,1037.6888659951685,1.0
996,1151.9289905792182,1.0
997,1240.491132919445,1.0
998,736.3816065381661,0.0
999,1171.8209933205405,1.0
1000,989.9221289549099,0.0
1001,1102.0326691963305,1.0
1002,1112.153068428936,1.0
1003,1024.1578977017564,1.0
1004,1303.9465618511354,1.0
1005,1116.715306978585,1.0
1006,1144.5561907298895,1.0
1007,1207.603709058618,1.0
1008,1123.7330925053984,1.0
1009,1161.8907740392788,1.0
1010,1097.8398564777644,1.0
1011,1301.1575810948548,1.0
1012,830.87085561753,0.0
1013,1243.359332750105,1.0
1014,1024.6309417022405,0.0
1015,982.1277516066953,0.0
1016,1022.0072915462023,0.0
1017,1058.810133914301,1.0
1018,1083.6639148125012,1.0
1019,956.3864150311575,0.0
1020,879.9610747382189,0.0
1021,975.27956792611,0.0
1022,1045.5260086904434,1.0
1023,1064.582477423428,1.0
1024,1046.5763412743922,1.0
1025,1093.6831526336823,1.0
1026,1189.696940798072,1.0
1027,1177.9302610248608,1.0
1028,976.9862784577086,0.0
1029,1621.4342996067344,1.0
1030,1188.4416152768679,1.0
1031,1135.4063233398401,1.0
1032,1116.6786662291172,1.0
1033,1110.8226226134086,1.0
1034,1152.70709316664,1.0
1035,1182.8228107265925,1.0
1036,971.6750470361676,0.0
1037,1141.628571205398,1.0
1038,1469.8312377430204,1.0
1039,1126.45286288459,1.0
1040,979.8333537076568,0.0
1041,1287.8421118140193,1.0
1042,1059.7206715537684,1.0
1043,1054.2150139681742,1.0
1044,1332.523301553014,1.0
1045,1052.930150993841,1.0
1046,1238.5232416103381,1.0
1047,1265.8304312739292,1.0
1048,1088.8674198446904,1.0
1049,1167.6556470209387,1.0
1050,996.6241872404211,0.0
1051,1199.805763300241,1.0
1052,1310.2016107651552,1.0
1053,1205.8289241526113,1.0
1054,1354.8928702028497,1.0
1055,1368.8833906783684,1.0
1056,1313.1735842157007,1.0
1057,994.9080592765895,0.0
1058,1152.9348958414878,1.0
1059,1041.5862443476112,1.0
1060,1410.387693036529,1.0
1061,847.7340921310954,0.0
1062,1001.6864434206293,0.0
1063,1204.4969835225193,1.0
1064,785.4397433623981,0.0
1065,1026.2244069855533,0.0
1066,1203.1027779160481,1.0
1067,1042.624402498455,1.0
1068,1178.5321181042636,1.0
1069,993.873138534304,0.0
1070,683.8817708425886,0.0
1071,1073.4808881126955,1.0
1072,963.2552078277934,0.0
1073,1216.7273568347273,1.0
1074,1337.6413335411282,1.0
1075,1070.0181565588498,1.0
1076,1072.706866753451,1.0
1077,679.8218906834293,0.0
1078,1319.7328104335259,1.0
1079,1016.0392985903774,0.0
1080,686.3032251435654,0.0
1081,972.6950960876134,0.0
1082,901.5382799342403,0.0
1083,1020.1081262008188,1.0
1084,1140.190632022507,1.0
1085,1290.837433736865,1.0
1086,1079.229889206454,1.0
1087,1317.8312974932765,1.0
1088,986.4478069164752,0.0
1089,1175.381123416625,1.0
1090,1125.0222497361206,1.0
1091,1026.585285044996,0.0
1092,1151.2744701803865,1.0
1093,906.174558429554,0.0
1094,1096.0004993361235,1.0
1095,1067.815488259017,1.0
1096,952.3215103018491,0.0
1097,1285.814179457515,1.0
1098,1187.8330697139586,1.0
1099,1163.2856331592309,1.0
1100,1257.5162591241044,1.0
1101,1204.109208465893,1.0
1102,1198.629533802687,1.0
1103,1083.4752891528128,1.0
1104,1393.9642811253534,1.0
1105,1039.0921302620577,1.0
1106,1000.2498516670673,0.0
1107,1122.8230343931355,1.0
1108,1067.45037739596,1.0
1109,1001.009773996646,0.0
1110,693.1398674884316,0.0
1111,1065.5195440611985,1.0
1112,1246.9905595559526,1.0
1113,1015.8300698784932,1.0
1114,1022.7737531164677,0.0
1115,918.7408587310317,0.0
1116,679.8218906834293,0.0
1117,1239.6877853468823,1.0
1118,967.3298818312651,0.0
1119,987.2207834823639,0.0
1120,771.6807901447487,0.0
1121,1114.811825946136,1.0
1122,960.2360713542104,0.0
1123,1092.4491382904523,1.0
1124,991.6559505427144,0.0
1125,1011.6393658760848,0.0
1126,998.3254249400725,0.0
1127,1356.9603452659098,1.0
1128,1102.9971138995877,1.0
1129,987.2224862317164,0.0
1130,1129.4484414929248,1.0
1131,1178.6187300622635,1.0
1132,1161.499529973014,1.0
1133,698.3368034164507,0.0
1134,995.6684706220648,0.0
1135,1225.89205426363,1.0
1136,1055.013523768294,1.0
1137,1068.3858579299115,1.0
1138,1114.2417395410237,1.0
1139,1077.3317987442,1.0
1140,1311.238745570215,1.0
1141,1441.0245615756758,1.0
1142,1275.4562597707618,1.0
1143,1060.7745985318065,1.0
1144,1111.9387682821994,1.0
1145,1161.8882070876316,1.0
1146,1285.0287540597658,1.0
1147,939.1486518496396,0.0
1148,1100.1802530528685,1.0
1149,1130.996722641608,1.0
1150,1196.563360661387,1.0
1151,1027.204089340034,1.0
1152,925.1754856142021,0.0
1153,1269.1779316780219,1.0
1154,1017.9027126103114,0.0
1155,1034.7244577936663,0.0
1156,1154.4185363244178,1.0
1157,1107.0572335083798,1.0
1158,1320.4099437057362,1.0
1159,1160.44405778403,1.0
1160,922.6625731019427,0.0
1161,1038.4893700484997,1.0
1162,1118.1300487396707,1.0
1163,1173.359578801158,1.0
1164,975.3029668275466,0.0
1165,1099.0868961301194,1.0
1166,1633.3969877319437,1.0
1167,994.1797773720092,0.0
1168,1073.1538530090088,1.0
1169,1098.5413184728911,1.0
1170,1294.323206111448,1.0
1171,745.131984156614,0.0
1172,1071.647844286636,1.0
1173,970.8619001587371,0.0
1174,1257.9086168696053,1.0
1175,1127.0523873535,1.0
1176,1005.8141630756642,0.0
1177,1043.0344039111578,1.0
1178,930.0954115995986,0.0
1179,1323.8533749046617,1.0
1180,915.0314587104386,0.0
1181,1230.3243155649416,1.0
1182,1471.8714006853054,1.0
1183,1127.9430350381751,1.0
1184,985.1070752447887,0.0
1185,1178.1210300016412,1.0
1186,1087.9933612275454,1.0
1187,1137.3953671688116,1.0
1188,1119.2021877510624,1.0
1189,1252.4912937338017,1.0
1190,1182.5537871541408,1.0
1191,1034.5235871493078,1.0
1192,1055.2789857769374,1.0
1193,1033.958728922404,1.0
1194,1076.4679350110364,1.0
1195,988.228984994757,0.0
1196,1027.3083712919208,1.0
1197,1099.07006338937,1.0
1198,901.7394766848387,0.0
1199,1020.4993642781106,0.0
1200,864.1440187477758,0.0
1201,925.6810276595785,0.0
1202,1135.978290215442,1.0
1203,1312.7087634906125,1.0
1204,895.6669191461207,0.0
1205,1100.5870020684379,1.0
1206,1084.2549983483698,1.0
1207,1139.869984672719,1.0
1208,1088.621339071714,1.0
1209,966.5667230594737,0.0
1210,700.1905616884039,0.0
1211,950.3638776946243,0.0
1212,1132.1835930774937,1.0
1213,1349.0892304832128,1.0
1214,989.11445306627,0.0
1215,915.0595178596643,0.0
1216,1189.6080524667916,1.0
1217,1315.3329426341204,1.0
1218,1193.2352664752236,1.0
1219,1141.232789842988,1.0
1220,979.9838204952658,0.0
1221,1081.299418049415,1.0
1222,922.2989847734827,0.0
1223,1094.9046388185993,1.0
1224,1008.2396493265057,0.0
1225,1287.250153596699,1.0
1226,716.8848186454679,0.0
1227,1292.3807232538622,1.0
1228,982.2510516896939,0.0
1229,1157.0773220781796,1.0
1230,1071.4769355890917,1.0
1231,1063.0836138773961,1.0
1232,1104.8762460574899,1.0
1233,1311.5083803041982,1.0
1234,1273.2276588146376,1.0
1235,1046.8511514980885,1.0
1236,679.8218906834293,0.0
1237,1065.1392375819091,1.0
1238,1009.4668456780581,0.0
1239,1032.6681132841354,0.0
1240,1108.0479631562291,1.0
1241,1145.9431085457334,1.0
1242,1358.1790008227144,1.0
1243,1287.7717884823564,1.0
1244,1262.3430002373234,1.0
1245,1128.463198789102,1.0
1246,835.6854928251636,0.0
1247,953.2007343103086,0.0
1248,1144.9892795103312,1.0
1249,1158.8307750977383,1.0
1250,1249.5616881872506,1.0
1251,1278.4333614521624,1.0
1252,1253.0699154711072,1.0
1253,1275.5409514764078,1.0
1254,1095.7830012749766,1.0
1255,965.5598953693858,0.0
1256,1261.1011689995748,1.0
1257,1185.281948654819,1.0
1258,1093.2575315780211,1.0
1259,1152.3188640332046,1.0
1260,1057.1990630821642,1.0
1261,1209.2928664342076,1.0
1262,984.5048396235336,0.0
1263,1417.6525052795212,1.0
1264,1128.1328340043826,1.0
1265,1014.5457303867574,0.0
1266,1303.8857419536384,1.0
1267,1171.1399274044218,1.0
1268,770.5588011206806,0.0
1269,1030.1289674118411,0.0
1270,1197.2727845462452,1.0
1271,697.1386648902576,0.0
1272,1288.5564040062168,1.0
1273,1102.2554958459327,1.0
1274,1085.9873906074433,1.0
1275,875.1630535749373,0.0
1276,904.8481919846158,0.0
1277,950.3588684237933,0.0
1278,1061.954205197883,1.0
1279,1210.0043177538548,1.0
1280,1278.6180127257783,1.0
1281,1122.9770733147257,1.0
1282,1322.2942477824588,1.0
1283,1119.7211135186617,1.0
1284,907.5135856263623,0.0
1285,1259.1477434370863,1.0
1286,1014.0063273686677,0.0
1287,841.2077307217247,0.0
1288,1127.2991268693165,1.0
1289,1704.8141773105363,1.0
1290,902.7891433729288,0.0
1291,888.328792916195,0.0
1292,1109.41905017657,1.0
1293,907.6389187946803,0.0
1294,1381.4868896385465,1.0
1295,877.6429378775517,0.0
1296,1020.911756635688,0.0
1297,1003.8249891097676,0.0
1298,690.1514397619881,0.0
1299,900.2330618685544,0.0
1300,1559.9542574280028,1.0
1301,712.0838250389215,0.0
1302,1005.3797279215014,0.0
1303,1036.8909527890598,1.0
1304,1094.6559971385518,1.0
1305,917.3237419393912,0.0
1306,1231.2051153722432,1.0
1307,937.9309940043225,0.0
1308,1136.7190216454535,1.0
1309,1063.606618577352,1.0
1310,936.629288107157,0.0
1311,1159.8774995270157,1.0
1312,982.3421371815242,0.0
1313,1107.2813162959521,1.0
1314,1290.5211537171826,1.0
1315,992.4047873099968,0.0
1316,1254.4762944166484,1.0
1317,780.5440228244138,0.0
1318,1178.3867212147659,1.0
1319,917.1733853232417,0.0
1320,1066.728229078794,1.0
1321,1027.3612166969929,1.0
1322,1025.5491186010988,0.0
1323,1099.6263361040205,1.0
1324,1105.3386796069035,1.0
1325,1065.9134887800797,1.0
1326,1161.9652371993568,1.0
1327,992.6349089454013,0.0
1328,949.3589030456518,0.0
1329,1026.1463703215572,1.0
1330,1031.9203162484023,1.0
1331,907.6703807610724,0.0
1332,1140.6117560463395,1.0
1333,1062.0778458019765,1.0
1334,1056.5387821232928,1.0
1335,1011.0817578579934,0.0
1336,971.6742295989537,0.0
1337,1322.0972847578353,1.0
1338,1221.5301487068834,1.0
1339,1073.3105538230095,1.0
1340,685.5410281735103,0.0
1341,1465.8439965096454,1.0
1342,1147.232266070548,1.0
1343,1156.4019799718535,1.0
1344,1019.202142022526,0.0
1345,1475.1918955596313,1.0
1346,1138.0796128656373,1.0
1347,1222.7162076816987,1.0
1348,1069.4997592143623,1.0
1349,1159.1421944361634,1.0
1350,1073.4547507246361,1.0
1351,973.3700211739219,0.0
1352,1071.3245929361967,1.0
1353,1131.2297420299872,1.0
1354,1415.3389612167582,1.0
1355,1079.758962483703,1.0
1356,1238.653894968057,1.0
1357,1003.2571061314575,0.0
1358,1143.3196276652757,1.0
1359,1058.9246153137792,1.0
1360,1195.479967066164,1.0
1361,1318.6090851957697,1.0
1362,1112.3418191649469,1.0
1363,1046.2286752812524,1.0
1364,1133.6549071082043,1.0
1365,1066.4540281476648,1.0
1366,1123.4363633498913,1.0
1367,1323.3979988056756,1.0
1368,988.2308617904793,0.0
1369,1112.5251216937413,1.0
1370,989.2802582020901,0.0
1371,1066.4841813566195,1.0
1372,1098.2778498175455,1.0
1373,1233.3624904713693,1.0
1374,1386.3779511810512,1.0
1375,1014.6213076920653,0.0
1376,1252.8550657961102,1.0
1377,1274.0417349251081,1.0
1378,1344.7523449786363,1.0
1379,1033.8683158717317,1.0
1380,1044.6556809154147,1.0
1381,1214.24979229974,1.0
1382,1066.844379848332,1.0
1383,1201.277276856801,1.0
1384,985.2964807182583,0.0
1385,872.0514074555825,0.0
1386,1090.690582791429,1.0
1387,1015.8234389758512,0.0
1388,1268.0643111331701,1.0
1389,1367.0625992564378,1.0
1390,1103.636189330797,1.0
1391,1143.3273584769968,1.0
1392,1004.3226989012167,0.0
1393,1615.8282570944743,1.0
1394,1100.5072968555999,1.0
1395,1154.7970339028184,1.0
1396,711.5121663861953,0.0
1397,1126.6057805858386,1.0
1398,1075.8865846260821,1.0
1399,1332.2895318881983,1.0
1400,951.3862063041515,0.0
1401,1162.2826379256933,1.0
1402,1230.669344090217,1.0
1403,1153.7352263380842,1.0
1404,967.029029420649,0.0
1405,1312.7490213470749,1.0
1406,1124.4438434597737,1.0
1407,1042.366068052274,1.0
1408,983.9124615650144,0.0
1409,1048.9719627962552,1.0
1410,952.1755279992115,0.0
1411,1253.121049762304,1.0
1412,1095.8166318729056,1.0
1413,1111.2013316021225,1.0
1414,1242.1983803086166,1.0
1415,1060.404547091071,1.0
1416,894.7672326490225,0.0
1417,1170.2815037174605,1.0
1418,1185.5665677284542,1.0
1419,1249.3477844412082,1.0
1420,1112.1481001717648,1.0
1421,1001.6004692389531,0.0
1422,1133.7870058896053,1.0
1423,997.0203994575431,0.0
1424,1088.7776772901746,1.0
1425,1180.3210712536309,1.0
1426,1121.7924226369807,1.0
1427,1109.9227213163167,1.0
1428,1264.9546550971588,1.0
1429,959.5069102223515,0.0
1430,985.2979313822826,0.0
1431,1312.9351164529023,1.0
1432,1000.1692973842366,0.0
1433,1091.7957676439771,1.0
1434,1182.0959769601993,1.0
1435,1009.3670272712355,0.0
1436,683.6861204451121,0.0
1437,942.5985283290088,0.0
1438,1074.744383538996,1.0
1439,1073.6008414744313,1.0
1440,1056.285954718912,1.0
1441,795.6345060159298,0.0
1442,679.8218906834293,0.0
1443,1075.5614773650482,1.0
1444,1145.3033945853397,1.0
1445,1344.2495276721174,1.0
1446,1129.0667650754426,1.0
1447,1055.3928513763417,1.0
1448,1062.0065994432593,1.0
1449,1079.0750516979906,1.0
1450,683.6320218279282,0.0
1451,1087.9103703503654,1.0
1452,1111.1925096115215,1.0
1453,909.6731894486518,0.0
1454,1101.3488480471651,1.0
1455,843.541058751402,0.0
1456,1220.3384597622728,1.0
1457,818.2594909342183,0.0
1458,1303.6155983668705,1.0
1459,893.3527796383137,0.0
1460,1183.9883497698545,1.0
1461,1081.2280369342343,1.0
1462,1002.7476535672863,0.0
1463,989.4015267840833,0.0
1464,1104.563212998329,1.0
1465,1150.4019275574294,1.0
1466,940.7033926223578,0.0
1467,1049.1663538458395,0.0
1468,1068.504227280799,1.0
1469,1118.345461326762,1.0
1470,1014.1731250906473,1.0
1471,973.467734351048,0.0
1472,1051.4392057882737,1.0
1473,984.1752724563355,0.0
1474,1056.7957410195618,1.0
1475,976.8972489141304,0.0
1476,1047.784496629672,1.0
1477,1043.7383856319193,1.0
1478,1447.1772717529427,1.0
1479,1320.6853329263088,1.0
1480,1138.1638182922366,1.0
1481,1115.3482002413316,1.0
1482,1059.8673739810993,1.0
1483,1006.3982842468666,0.0
1484,1171.260124227286,1.0
1485,1131.0074164556465,1.0
1486,1333.0454990120697,1.0
1487,1082.5959925710845,1.0
1488,993.9488089592456,0.0
1489,1189.1756368073463,1.0
1490,1243.2036920727724,1.0
1491,1321.1012845233236,1.0
1492,1031.4843988021034,1.0
1493,974.5552702040109,0.0
1494,1113.5001857151117,1.0
1495,882.6018592959794,0.0
1496,1070.732949472898,1.0
1497,1108.1572380728885,1.0
1498,1206.0774267798577,1.0
1499,1019.2116638044681,0.0
1500,1021.9254003096114,0.0
1501,1015.3578861591175,0.0
1502,1058.0552805309392,1.0
1503,904.2316483290712,0.0
1504,1211.1675703721735,1.0
1505,972.5905145210733,0.0
1506,1090.5793028158796,1.0
1507,1085.4880256241158,1.0
1508,1201.9483321145356,1.0
1509,1219.753986962586,1.0
1510,1277.0839065240245,1.0
1511,1123.9441916280682,1.0
1512,1079.5129904051648,1.0
1513,1170.1462025573933,1.0
1514,1174.8221346853009,1.0
1515,1266.8060701799743,1.0
1516,997.597440522021,0.0
1517,1121.4544824271313,1.0
1518,1057.0860864661563,1.0
1519,1091.4642440202404,1.0
1520,1258.9439098175737,1.0
1521,1303.0815036890315,1.0
1522,1236.5325567149564,1.0
1523,1098.775692506393,1.0
1524,1031.4128646447969,0.0
1525,992.5150850304224,0.0
1526,1164.3555636056756,1.0
1527,1089.7528775831051,1.0
1528,1051.0929697901952,1.0
1529,1020.7616495227268,0.0
1530,1417.1420364232572,1.0
1531,1369.059153153411,1.0
1532,1300.0279083802732,1.0
1533,1047.8252597369806,1.0
1534,768.1198275817325,0.0
1535,1216.7520249836866,1.0
1536,1027.258476026659,0.0
1537,934.4017181928949,0.0
1538,1280.287379947647,1.0
1539,978.277053628858,0.0
1540,1115.6075392501716,1.0
1541,1126.625329650916,1.0
1542,1117.638259883867,1.0
1543,1181.2861115924898,1.0
1544,953.2133841804587,0.0
1545,1087.2259201185705,1.0
1546,1092.81629349396,1.0
1547,1033.8721261307187,0.0
1548,1156.2948373576335,1.0
1549,870.697710303202,0.0
1550,1081.788546748267,1.0
1551,1251.214900991583,1.0
1552,1017.8073333062011,0.0
1553,1205.5841411390286,1.0
1554,1057.9358339437156,1.0
1555,1149.3321525924814,1.0
1556,959.675538216209,0.0
1557,1015.3334972056867,0.0
1558,938.7254980414209,0.0
1559,1135.8062216160174,1.0
1560,1185.6456936921388,1.0
1561,1042.821695538322,1.0
1562,679.8218906834293,0.0
1563,1141.4231525865257,1.0
1564,1141.2123025293777,1.0
1565,1024.3183775415494,0.0
1566,1055.35356293471,1.0
1567,1081.0881594428336,1.0
1568,983.5561248553183,0.0
1569,1018.5362865514646,1.0
1570,1344.0364229530737,1.0
1571,1150.2195842505523,1.0
1572,1057.5482310893804,1.0
1573,922.9355121910382,0.0
1574,1078.1523517889398,1.0
1575,1010.4651840012148,0.0
1576,1154.8130234179764,1.0
1577,963.4316342092554,0.0
1578,936.3581135001668,0.0
1579,1213.050413595852,1.0
1580,1273.8778062851254,1.0
1581,1256.803850897977,1.0
1582,1087.2239255687596,1.0
1583,882.1215084399703,0.0
1584,1202.1003876393652,1.0
1585,960.8308519509122,0.0
1586,983.9983636040507,0.0
1587,1119.4569598959913,1.0
1588,1280.9783062424494,1.0
1589,1077.7743380038974,1.0
1590,1161.689475242797,1.0
1591,1037.5144021851406,1.0
1592,1137.1504030301733,1.0
1593,778.8157791445354,0.0
1594,1107.4512901153955,1.0
1595,979.495552688009,0.0
1596,1081.099849677948,1.0
1597,1185.9952297137106,1.0
1598,1150.4221281874056,1.0
1599,1214.7670403413415,1.0
1600,1027.5220919366254,1.0
1601,851.5844647790527,0.0
1602,1067.3173140816473,1.0
1603,1304.0508585082475,1.0
1604,1164.954295099807,1.0
1605,983.9786306091423,0.0
1606,1034.8740458829288,1.0
1607,1197.9836058696096,1.0
1608,1019.9215242357382,0.0
1609,1193.770785268602,1.0
1610,1159.0191284272719,1.0
1611,986.9784883747061,0.0
1612,985.2683288991667,0.0
1613,1142.4659567891727,1.0
1614,1341.0975318597239,1.0
1615,1024.701107021465,0.0
1616,1145.6592094028322,1.0
1617,1024.006269487874,0.0
1618,1075.2241510426966,1.0
1619,897.9428258581778,0.0
1620,1058.0796759700697,1.0
1621,1070.2044979960428,1.0
1622,903.0888129802969,0.0
1623,1157.2169557389386,1.0
1624,1042.1322836178356,1.0
1625,1081.1520561243249,1.0
1626,1020.0275187614264,0.0
1627,1090.2362999806244,1.0
1628,1075.115000680464,1.0
1629,1165.350600320408,1.0
1630,1105.0368422117667,1.0
1631,1089.2876310205097,1.0
1632,929.2250088557289,0.0
1633,1162.0424555887314,1.0
1634,1038.4405874286701,0.0
1635,1203.7176006711327,1.0
1636,1044.1943695974223,1.0
1637,1152.654896136716,1.0
1638,984.0816355539644,0.0
1639,1163.3370479794569,1.0
1640,1221.051575230615,1.0
1641,1008.9870218068995,0.0
1642,1076.3613947900162,1.0
1643,920.9733082512877,0.0
1644,1130.9994357135427,1.0
1645,1035.5207488167298,1.0
1646,1217.4939496575103,1.0
1647,946.6198133752887,0.0
1648,1073.2597844139914,1.0
1649,860.1912650520931,0.0
1650,999.2793234484953,0.0
1651,1054.7741154323476,1.0
1652,981.169209006428,0.0
1653,1036.1025638609353,0.0
1654,1130.359251556301,1.0
1655,1177.1208405796417,1.0
1656,1295.3018631954512,1.0
1657,1085.2260498333949,1.0
1658,1341.074024588983,1.0
1659,1062.4859672785115,1.0
1660,1221.2007198862207,1.0
1661,979.2432731799344,0.0
1662,1348.4646156915528,1.0
1663,1106.685147880386,1.0
1664,997.4938111496732,0.0
1665,1240.697774148227,1.0
1666,996.7134942153647,0.0
1667,1064.619598057474,1.0
1668,1192.8627300380306,1.0
1669,926.8620637045547,0.0
1670,1261.058130073526,1.0
1671,1237.9579487166725,1.0
1672,1001.0791172173008,0.0
1673,1278.2693329464735,1.0
1674,1270.8911031210341,1.0
1675,1293.2564906673904,1.0
1676,1111.5719265610899,1.0
1677,975.8953767408747,0.0
1678,1161.7451474716568,1.0
1679,1175.3040888765042,1.0
1680,1022.9879923769574,0.0
1681,704.5924166540716,0.0
1682,1042.9015870757326,1.0
1683,893.9283910431192,0.0
1684,963.1761365884499,0.0
1685,990.9687260443,0.0
1686,972.5788163855983,0.0
1687,1247.470998872162,1.0
1688,1010.1383702923986,0.0
1689,978.5376855390006,0.0
1690,970.1142932040888,0.0
1691,1040.3506213682483,0.0
1692,1208.619741715602,1.0
1693,1112.9123531052717,1.0
1694,957.1531391286942,0.0
1695,1162.7101526894705,1.0
1696,1053.954060671038,1.0
1697,1142.764659769365,1.0
1698,1179.5811705805236,1.0
1699,1021.0391946885497,0.0
1700,1118.184313362948,1.0
1701,1233.096088577248,1.0
1702,959.9684376901533,0.0
1703,1048.9935857406397,1.0
1704,962.336252608103,0.0
1705,1070.3715391774797,1.0
1706,1019.1997194583095,0.0
1707,1096.4627576290027,1.0
1708,1132.2712000863228,1.0
1709,1268.2619404069524,1.0
1710,1087.8769085105116,1.0
1711,993.9765125466117,0.0
1712,979.8640483804999,0.0
1713,1120.1658595936722,1.0
1714,935.6777103413549,0.0
1715,1244.504125969602,1.0
1716,1152.9494719211518,1.0
1717,1071.440455101912,1.0
1718,996.7998724124463,0.0
1719,1323.814508721937,1.0
1720,1285.3730961742408,1.0
1721,1014.9393443235836,0.0
1722,896.5823567983834,0.0
1723,1013.7158241377724,0.0
1724,845.0989861021333,0.0
1725,1166.9867967513858,1.0
1726,1057.5806743958478,1.0
1727,1163.3033200270052,1.0
1728,1100.0174728114248,1.0
1729,1129.868519106829,1.0
1730,1119.260215721229,1.0
1731,1373.2154890102138,1.0
1732,982.9155644793027,0.0
1733,692.8062010814772,0.0
1734,1119.6217392596857,1.0
1735,927.4453584356324,0.0
1736,1071.4036273101149,1.0
1737,948.9726630868739,0.0
1738,1281.0643772789215,1.0
1739,1056.5347075875611,1.0
1740,885.0336968737373,0.0
1741,1338.2952518693826,1.0
1742,1107.1317946370027,1.0
1743,1206.0907775918577,1.0
1744,1282.3354830516748,1.0
1745,1035.1591752474687,0.0
1746,1021.056839856177,0.0
1747,1048.0619369527362,1.0
1748,1016.1277840197729,0.0
1749,962.7346305971445,0.0
1750,1071.328616304723,1.0
1751,1491.4769377923687,1.0
1752,1143.2472965450759,1.0
1753,962.8700097366041,0.0
1754,1227.9990199066242,1.0
1755,1012.3900537093161,0.0
1756,914.3652729756784,0.0
1757,1096.5146179955818,1.0
1758,1226.3988573036027,1.0
1759,947.6788408174618,0.0
1760,1280.1975600213793,1.0
1761,1079.6429217044138,1.0
1762,958.3260866272991,0.0
1763,980.8084447873352,0.0
1764,906.4247790579057,0.0
1765,966.7364493695295,0.0
1766,1022.7807277948635,1.0
1767,685.9593782770554,0.0
1768,1113.6013143152807,1.0
1769,769.4068550305833,0.0
1770,943.1919905476269,0.0
1771,1335.379817226929,1.0
1772,1084.2343393967637,1.0
1773,1349.6710577484414,1.0
1774,684.0260483886593,0.0
1775,1351.472317723273,1.0
1776,1254.7588883695184,1.0
1777,893.3051625153747,0.0
1778,1106.2324478879784,1.0
1779,1186.6511492330417,1.0
1780,1024.5228266324489,1.0
1781,1267.0549052631175,1.0
1782,1179.5411014819636,1.0
1783,1209.3070266520606,1.0
1784,1197.0023996954858,1.0
1785,1143.6035619705722,1.0
1786,1070.0777616339171,1.0
1787,1083.1087108473782,1.0
1788,721.6591460955706,0.0
1789,975.3537581991861,0.0
1790,883.9169825759502,0.0
1791,1048.6650693996796,1.0
1792,1030.9264871523856,1.0
1793,906.3787436255561,0.0
1794,1152.1330833464156,1.0
1795,1356.8177813177933,1.0
1796,1161.839416886049,1.0
1797,687.1673578113957,0.0
1798,916.8930477611087,0.0
1799,1031.4876036363803,1.0
1800,872.2241641153364,0.0
1801,1366.665236014183,1.0
1802,1102.4688940917654,1.0
1803,870.1080820745406,0.0
1804,1027.3207878982919,1.0
1805,1125.356282646766,1.0
1806,828.4404167222492,0.0
1807,1193.9609608170488,1.0
1808,1210.1909568567883,1.0
1809,841.2631918530321,0.0
1810,1087.405073248061,1.0
1811,1073.5718154462827,1.0
1812,977.2376704986956,0.0
1813,1185.5909193489185,1.0
1814,1102.1256186902688,1.0
1815,1029.3499922540377,0.0
1816,1244.4638401065624,1.0
1817,1444.3587215851035,1.0
1818,1111.6232135806285,1.0
1819,1022.3536941242081,0.0
1820,1134.010901923142,1.0
1821,1243.9968394762739,1.0
1822,1167.3686420062052,1.0
1823,1279.237039191948,1.0
1824,1422.5817620360708,1.0
1825,1267.1203942173424,1.0
1826,1073.6978865429696,1.0
1827,1328.2308363472207,1.0
1828,931.9676788201596,0.0
1829,905.6673212005767,0.0
1830,995.3968134667215,0.0
1831,979.1470054930417,0.0
1832,1312.618168084957,1.0
1833,1007.4865867097648,0.0
1834,1443.5760059069999,1.0
1835,956.2871682450232,0.0
1836,1191.6783016451543,1.0
1837,1090.2436689323672,1.0
1838,1245.0632687131122,1.0
1839,1075.247970445008,1.0
1840,1079.064635689148,1.0
1841,1352.264568509408,1.0
1842,1076.862163938548,1.0
1843,698.0180463970512,0.0
1844,1047.9925627829143,1.0
1845,1019.8580733848945,0.0
1846,1077.1726079996777,1.0
1847,1052.5757682616845,1.0
1848,1138.562913864793,1.0
1849,1171.992192400179,1.0
1850,992.1792517086025,0.0
1851,1211.2351190593956,1.0
1852,1360.735446944372,1.0
1853,1010.0200050104464,0.0
1854,1416.004875122529,1.0
1855,1089.170563483945,1.0
1856,1274.9231220815368,1.0
1857,1187.3221501434368,1.0
1858,1068.3185386110429,1.0
1859,1239.5719759915426,1.0
1860,1093.4585712921637,1.0
1861,1093.3212164036877,1.0
1862,1029.2371780969847,1.0
1863,1055.7672025446077,1.0
1864,1072.1978342965494,1.0
1865,1274.34848701079,1.0
1866,998.636421163551,0.0
1867,868.7357292826318,0.0
1868,1047.931362991632,1.0
1869,1152.7242927943742,1.0
1870,1093.6913087545738,1.0
1871,1060.2418988634572,1.0
1872,949.2260925698608,0.0
1873,1043.0671086141333,1.0
1874,951.7491257042128,0.0
1875,941.106940698751,0.0
1876,962.63862363561,0.0
1877,1072.5852485973269,1.0
1878,1283.6916729554755,1.0
1879,1173.7267084920293,1.0
1880,1282.455092993247,1.0
1881,1225.7104396522873,1.0
1882,1083.7730988103435,1.0
1883,1349.160742014218,1.0
1884,1261.265976068814,1.0
1885,1304.2207759794615,1.0
1886,1229.0884619894057,1.0
1887,1188.8480499020718,1.0
1888,1039.8656194930427,1.0
1889,1341.2963492509843,1.0
1890,1048.9834555542702,1.0
1891,1111.766350183392,1.0
1892,983.9016677851059,0.0
1893,1153.518608285194,1.0
1894,1268.0545684311332,1.0
1895,1193.7381882010127,1.0
1896,855.7868884610969,0.0
1897,981.0923503971554,0.0
1898,1147.1404428184474,1.0
1899,1078.1454798588845,1.0
1900,1236.6880773165408,1.0
1901,982.4757975772079,0.0
1902,1198.4148850986144,1.0
1903,999.0400270635753,0.0
1904,801.8221720542431,0.0
1905,1034.1364023557085,1.0
1906,1175.7368728482668,1.0
1907,1083.298969388996,1.0
1908,1035.920054400018,1.0
1909,969.5041062876821,0.0
1910,1095.899487302389,1.0
1911,1130.8586491117962,1.0
1912,730.8340916534163,0.0
1913,729.1913200193827,0.0
1914,1274.6591043073804,1.0
1915,1008.9047315508755,0.0
1916,1051.4342425915195,1.0
1917,1140.6622787005936,1.0
1918,1337.4522257261374,1.0
1919,944.1838190188352,0.0
1920,1076.6912317537567,1.0
1921,1122.8917851153738,1.0
1922,1203.162332513522,1.0
1923,1158.7810698531537,1.0
1924,1108.1821720385835,1.0
1925,1239.8060884480506,1.0
1926,1176.301600250984,1.0
1927,984.7811550839718,0.0
1928,954.4701161351531,0.0
1929,1073.8120231382966,1.0
1930,1066.1458278322796,1.0
1931,1202.336235375546,1.0
1932,1215.5845474527694,1.0
1933,1029.2336320185716,1.0
1934,1121.5510616032352,1.0
1935,1061.0689760158027,1.0
1936,1060.2476844710156,1.0
1937,1096.2094752723006,1.0
1938,1307.6314560517899,1.0
1939,956.4269457338532,0.0
1940,1094.2622118483673,1.0
1941,1327.245716009415,1.0
1942,1339.6486911203137,1.0
1943,943.8816687936942,0.0
1944,1252.6800841130585,1.0
1945,958.8605173473038,0.0
1946,899.0831605124829,0.0
1947,976.9039467696211,0.0
1948,1101.4090998382248,1.0
1949,982.915170615875,0.0
1950,1070.9062124521388,1.0
1951,1225.405460811058,1.0
1952,708.1759728702789,0.0
1953,1189.729871515069,1.0
1954,1283.5596982880625,1.0
1955,1164.8834525120544,1.0
1956,967.6765602351165,0.0
1957,810.5261644052891,0.0
1958,1145.12497395934,1.0
1959,1039.8024167611206,1.0
1960,1273.3780415348942,1.0
1961,1020.7074941215483,0.0
1962,1193.8800104986535,1.0
1963,971.1472588483672,0.0
1964,1064.2547225125597,1.0
1965,923.021811738232,0.0
1966,926.342978588373,0.0
1967,1038.3298739827865,1.0
1968,1078.0364846090274,1.0
1969,1210.6865885803759,1.0
1970,1078.0232541473279,1.0
1971,1089.575578792241,1.0
1972,881.4667064415761,0.0
1973,989.7512259544601,0.0
1974,800.3401328176515,0.0
1975,1441.9461670635699,1.0
1976,937.842777780791,0.0
1977,1103.1426358508882,1.0
1978,1171.7236815096035,1.0
1979,1182.1117023841052,1.0
1980,918.1370494006335,0.0
1981,836.0857843948716,0.0
1982,1261.362739266653,1.0
1983,1024.6348545595506,1.0
1984,955.9286739307225,0.0
1985,914.6985944184383,0.0
1986,945.0081085425569,0.0
1987,1020.3734636348067,0.0
1988,1040.3849663758986,1.0
1989,1030.1203169598757,1.0
1990,1205.1621488016967,1.0
1991,905.8373522764218,0.0
1992,1224.7244770407997,1.0
1993,930.3908759461312,0.0
1994,1034.4514746658115,1.0
1995,1091.4768909280745,1.0
1996,1046.8649776484406,1.0
1997,1084.8237305388855,1.0
1998,1228.4704632014582,1.0
1999,1213.1024516525638,1.0
2000,882.5452919610948,0.0
2001,1070.9450664609174,1.0
2002,1040.6160735215922,0.0
2003,927.1227666871803,0.0
2004,1288.0089901511692,1.0
2005,1075.5836236416476,1.0
2006,1072.3909474974596,1.0
2007,1099.8950332825445,1.0
2008,1025.787185407671,1.0
2009,960.8507676426391,0.0
2010,1052.9209151741604,1.0
2011,957.611083836261,0.0
2012,893.110081929912,0.0
2013,1409.1601275563794,1.0
2014,1123.5275821823104,1.0
2015,1047.665967704565,1.0
2016,711.3388800700512,0.0
2017,1084.898896375452,1.0
2018,1134.3884904007637,1.0
2019,679.8218906834293,0.0
2020,1137.3553271247038,1.0
2021,901.036502210101,0.0
2022,1086.9534900548147,1.0
2023,1070.0485986736066,1.0
2024,1169.5763676045106,1.0
2025,1231.2635611840587,1.0
2026,1012.7811079037635,0.0
2027,1157.5673993845496,1.0
2028,1130.4101166069004,1.0
2029,1121.6755041295069,1.0
2030,958.0436917810425,0.0
2031,998.1582744700171,0.0
2032,924.4482822585788,0.0
2033,1389.4021094871318,1.0
2034,956.9246942123964,0.0
2035,949.3381694225257,0.0
2036,831.4660900552544,0.0
2037,1141.4633170063457,1.0
2038,1045.2603279862692,1.0
2039,1023.7267328108815,0.0
2040,1177.775351786303,1.0
2041,1093.7525738046427,1.0
2042,1154.5954540964726,1.0
2043,1100.5996491138394,1.0
2044,953.1377287288067,0.0
2045,1115.436646084691,1.0
2046,1289.5031142719374,1.0
2047,950.8621354493124,0.0
2048,1156.5005764180312,1.0
2049,1045.4403650202435,1.0
2050,923.256199475019,0.0
2051,1080.604244848925,1.0
2052,1268.5211962235076,1.0
2053,811.5237221644368,0.0
2054,1126.6301116515642,1.0
2055,1129.5136597323456,1.0
2056,946.4499993906754,0.0
2057,1280.8707132029103,1.0
2058,1255.0288466440877,1.0
2059,1353.2792504956917,1.0
2060,1268.7716379566004,1.0
2061,1030.1900687275875,0.0
2062,1062.6133129713232,1.0
2063,1106.6548313051187,1.0
2064,1025.2244378828786,0.0
2065,1251.939831387112,1.0
2066,913.3157864161776,0.0
2067,860.3637484996682,0.0
2068,1103.0794990504514,1.0
2069,1406.5536010669196,1.0
2070,885.840124596466,0.0
2071,1067.591328983732,1.0
2072,679.8218906834293,0.0
2073,900.407279340398,0.0
2074,958.5762682745026,0.0
2075,1027.7537044736482,1.0
2076,1034.6569980556797,1.0
2077,1244.6513351212848,1.0
2078,980.1615059661796,0.0
2079,983.4190987714152,0.0
2080,913.3369710488181,0.0
2081,1143.3400712485507,1.0
2082,700.0474772995183,0.0
2083,988.8014020939421,0.0
2084,1000.3262258002028,0.0
2085,1036.1676405601042,1.0
2086,1040.7570958536892,1.0
2087,854.6105365327181,0.0
2088,987.9340167329824,0.0
2089,1326.6650802298507,1.0
2090,955.1615788720649,0.0
2091,1254.4711179369106,1.0
2092,988.1161322787142,0.0
2093,1199.558680719301,1.0
2094,1092.5593072067752,1.0
2095,891.0583759883234,0.0
2096,1124.4763028048287,1.0
2097,1109.0932910626618,1.0
2098,1081.3683862849896,1.0
2099,993.5870168904598,0.0
2100,679.8218906834293,0.0
2101,1107.1349604985958,1.0
2102,1469.999912742254,1.0
2103,1575.4578349377025,1.0
2104,1004.7636407417324,0.0
2105,1037.5189771380196,1.0
2106,686.8176325604413,0.0
2107,1343.2691066095178,1.0
2108,1017.890812804824,1.0
2109,1059.0746681511491,1.0
2110,1138.6492436222236,1.0
2111,1064.2057799641607,1.0
2112,1046.545501537431,1.0
2113,922.3702203563788,0.0
2114,1074.8717676771994,1.0
2115,963.6725396829606,0.0
2116,1378.2739217673793,1.0
2117,1117.194835386198,1.0
2118,1161.1856901264166,1.0
2119,1055.0125707177472,1.0
2120,1008.9963408625028,0.0
2121,927.9425456193046,0.0
2122,1214.3136041740993,1.0
2123,1255.5742667876339,1.0
2124,1058.7167459351847,1.0
2125,1162.071096553862,1.0
2126,940.5446013210468,0.0
2127,1049.8444802273443,1.0
2128,1047.4190926721953,1.0
2129,1196.734648951662,1.0
2130,1081.5744139384633,1.0
2131,993.635233386695,0.0
2132,995.1682557887934,0.0
2133,1035.4552734297056,1.0
2134,1154.6397129442312,1.0
2135,1003.3651144595962,0.0
2136,992.1481337333414,0.0
2137,1194.110675513422,1.0
2138,1069.3081477767184,1.0
2139,1057.9760249512813,1.0
2140,980.3994125371232,0.0
2141,1264.4916967398538,1.0
2142,911.4607573959221,0.0
2143,974.5013506283909,0.0
2144,911.1925466049711,0.0
2145,929.2174661016969,0.0
2146,1149.7732777792296,1.0
2147,1032.594884770119,0.0
2148,1150.2828595632832,1.0
2149,931.8385892604755,0.0
2150,1303.0881706991777,1.0
2151,1058.0204773633538,1.0
2152,1059.2094066796715,1.0
2153,940.4174421705527,0.0
2154,1154.1553744259602,1.0
2155,1142.6324897240972,1.0
2156,916.2751451602244,0.0
2157,942.6121135767515,0.0
2158,1013.6574647069245,1.0
2159,1107.2122791404952,1.0
2160,1196.6869651840743,1.0
2161,994.0006938367839,0.0
2162,978.7995338847386,0.0
2163,1096.1296582877362,1.0
2164,1168.2227187603412,1.0
2165,1130.7219307317837,1.0
2166,1381.8440018056974,1.0
2167,1111.1424392055574,1.0
2168,1068.216872046437,1.0
2169,944.3071937955974,0.0
2170,785.4419321879948,0.0
2171,951.461819767573,0.0
2172,1423.7958778939133,1.0
2173,1142.489215401885,1.0
2174,687.2363658161347,0.0
2175,921.3601978237081,0.0
2176,951.9983159702336,0.0
2177,1428.6706386072397,1.0
2178,1484.2982211688825,1.0
2179,1351.9297441989124,1.0
2180,1546.6071886502095,1.0
2181,693.6370229041229,0.0
2182,1287.5039002424983,1.0
2183,1146.9740723238197,1.0
2184,1059.658808572008,1.0
2185,950.9539760267304,0.0
2186,928.9462747793701,0.0
2187,1144.90180817557,1.0
2188,1181.7312040478378,1.0
2189,1086.2299662892365,1.0
2190,1060.9471537920606,1.0
2191,1240.9872879557802,1.0
2192,1002.5186566326834,0.0
2193,1041.6629713773764,1.0
2194,1049.1220817070844,1.0
2195,934.5138236122508,0.0
2196,1105.8451854168982,1.0
2197,1016.1809836602097,0.0
2198,1172.238813347149,1.0
2199,1121.1194314746542,1.0
2200,1107.813426580928,1.0
2201,1096.3401849228596,1.0
2202,1014.841449100494,0.0
2203,1167.6110946404144,1.0
2204,1032.064971882072,1.0
2205,1143.3650281533662,1.0
2206,1325.7020300632594,1.0
2207,941.8151576230032,0.0
2208,1347.6853112724177,1.0
2209,918.4664546217977,0.0
2210,1003.8761391533037,0.0
2211,1093.002436448252,1.0
2212,741.8146214801084,0.0
2213,1354.3607443215851,1.0
2214,1223.5010707765891,1.0
2215,1100.7427508805358,1.0
2216,1080.41511742614,1.0
2217,1301.7495237153034,1.0
2218,1104.8669292872014,1.0
2219,1315.7913257638338,1.0
2220,981.3245701329071,0.0
2221,1107.8059802419318,1.0
2222,946.1816874632337,0.0
2223,1283.0576308741652,1.0
2224,994.3100713911329,0.0
2225,1322.8266014521046,1.0
2226,996.2416859948559,0.0
2227,1107.1089026016937,1.0
2228,1254.9086058681921,1.0
2229,704.8707912866573,0.0
2230,1004.3457968510158,0.0
2231,1317.993095106439,1.0
2232,1023.5696401398271,0.0
2233,938.6094835258419,0.0
2234,1316.3075858219102,1.0
2235,1099.5257699620954,1.0
2236,1415.859945759012,1.0
2237,686.6066896232617,0.0
2238,1140.178898245229,1.0
2239,1225.9499878279241,1.0
2240,1118.1506387363931,1.0
2241,992.1878483918515,0.0
2242,1036.697825970715,1.0
2243,962.0074232821901,0.0
2244,1165.0213765959634,1.0
2245,1284.511291622972,1.0
2246,918.3233657315135,0.0
2247,1136.2931817633457,1.0
2248,994.5092522472153,0.0
2249,1029.8534126085756,0.0
2250,856.203807057374,0.0
2251,1228.055828623443,1.0
2252,1208.6666497969604,1.0
2253,1042.5343010807462,1.0
2254,1148.1132494246983,1.0
2255,1422.106984781195,1.0
2256,1067.2102482553303,1.0
2257,679.8218906834293,0.0
2258,1105.844735952719,1.0
2259,923.8643925757572,0.0
2260,1159.1229786526856,1.0
2261,1030.5172632905126,0.0
2262,933.7852091095342,0.0
2263,1206.7887335822923,1.0
2264,1129.7500207991757,1.0
2265,1020.0058586050598,0.0
2266,1162.7758175296512,1.0
2267,1022.446387420847,0.0
2268,1337.0615438951731,1.0
2269,1159.3743738911166,1.0
2270,1010.9275451558254,0.0
2271,1412.0513951950102,1.0
2272,1081.277815203705,1.0
2273,1268.8123850775974,1.0
2274,1208.8269122584518,1.0
2275,1044.0350505839779,1.0
2276,1310.2190075164815,1.0
2277,1081.3685249397163,1.0
2278,1104.1886063080526,1.0
2279,1077.3664246335172,1.0
2280,696.7050222470092,0.0
2281,1170.728878051912,1.0
2282,1310.9658318815657,1.0
2283,1089.6055725646627,1.0
2284,1417.2293021403873,1.0
2285,1083.9976295914553,1.0
2286,1188.5057028983779,1.0
2287,687.7299854610114,0.0
2288,949.8688792966936,0.0
2289,1305.898717787131,1.0
2290,1337.3255229843132,1.0
2291,1034.9533908857795,1.0
2292,1303.621549831772,1.0
2293,803.3925429783843,0.0
2294,999.7616900300454,0.0
2295,1068.117983024121,1.0
2296,1091.5574408633345,1.0
2297,1096.7381246246835,1.0
2298,1216.4600200361588,1.0
2299,1335.2633249758774,1.0
2300,1293.3319402139414,1.0
2301,1094.648558311919,1.0
2302,1041.49807107787,1.0
2303,997.7481920330971,0.0
2304,1101.1482107262143,1.0
2305,1028.1335279250543,1.0
2306,1104.3845400007658,1.0
2307,1077.5836515082183,1.0
2308,1080.0027548609403,1.0
2309,1189.9869206623114,1.0
2310,947.8959043939477,0.0
2311,1127.166624471333,1.0
2312,686.7352914774806,0.0
2313,679.8218906834293,0.0
2314,1045.3348505311767,1.0
2315,897.0929336545205,0.0
2316,1094.5542089070575,1.0
2317,679.8218906834293,0.0
2318,1028.9481248352226,0.0
2319,1007.2764634851825,0.0
2320,1071.7459881536283,1.0
2321,1059.1402316110257,1.0
2322,987.8962625159472,0.0
2323,1084.998758368827,1.0
2324,1440.4498699019193,1.0
2325,1019.9045855419806,1.0
2326,1120.687863683398,1.0
2327,1042.916816255914,1.0
2328,1021.7289518462895,1.0
2329,1059.130165073527,1.0
2330,1079.9836064159292,1.0
2331,1059.8069934809469,1.0
2332,1074.3705216273586,1.0
2333,1180.2905855974102,1.0
2334,1307.7103022288943,1.0
2335,1134.5731210266213,1.0
2336,985.2893360022209,0.0
2337,982.4102067096986,0.0
2338,1003.7238750874784,0.0
2339,956.7336769405417,0.0
2340,1032.490341492099,0.0
2341,1281.9032893416386,1.0
2342,690.369454240797,0.0
2343,971.9675778632876,0.0
2344,913.5448784807968,0.0
2345,1116.3723612355486,1.0
2346,1109.1749931659049,1.0
2347,1216.1760712271644,1.0
2348,867.6681951568178,0.0
2349,1210.119421719537,1.0
2350,1075.9981651392013,1.0
2351,1102.4092993762833,1.0
2352,969.9584740890633,0.0
2353,905.9924844618654,0.0
2354,857.4218440018981,0.0
2355,1123.5527276564626,1.0
2356,1173.730551562767,1.0
2357,1016.5375703859936,0.0
2358,1053.4639993997446,1.0
2359,1025.9895996337889,1.0
2360,1119.5040479817474,1.0
2361,1157.8002967314528,1.0
2362,1227.2181392806633,1.0
2363,1074.5023499154736,1.0
2364,690.5929202511622,0.0
2365,1112.6611862400305,1.0
2366,957.1663485410965,0.0
2367,992.590256103831,0.0
2368,1263.1544123348212,1.0
2369,1456.853034722821,1.0
2370,1421.1408709441237,1.0
2371,1043.069017749361,1.0
2372,855.2613912861636,0.0
2373,1324.8786827999959,1.0
2374,1254.8693069088781,1.0
2375,1061.3539485584172,1.0
2376,1157.003178083394,1.0
2377,950.3651959258037,0.0
2378,955.8015586176537,0.0
2379,1021.0903673025873,0.0
2380,1232.7439625808336,1.0
2381,1082.3391128958192,1.0
2382,1038.532168373875,1.0
2383,1268.2934917654068,1.0
2384,686.522005926671,0.0
2385,1181.8023514404929,1.0
2386,1017.66967920919,0.0
2387,943.7429815394681,0.0
2388,1211.7681983962962,1.0
2389,1113.0601778588525,1.0
2390,1333.0902331023378,1.0
2391,994.3053586842652,0.0
2392,1090.9908733520942,1.0
2393,1047.8763541598714,0.0
2394,1075.4023296684525,1.0
2395,893.9173692497108,0.0
2396,684.6847333516058,0.0
2397,679.8218906834293,0.0
2398,1093.7007974273279,1.0
2399,953.2510252153172,0.0
2400,924.6690395208577,0.0
2401,1015.285528696044,0.0
2402,1088.3140239976137,1.0
2403,1126.2636454136623,1.0
2404,938.9434648359841,0.0
2405,1171.4994818389616,1.0
2406,1157.1974974621003,1.0
2407,1314.5820983317171,1.0
2408,1291.8116706712042,1.0
2409,949.6760613953004,0.0
2410,1092.5561500952751,1.0
2411,1001.2515004979949,0.0
2412,1144.4892356943908,1.0
2413,1097.6281912684442,1.0
2414,926.2277079806905,0.0
2415,1056.0252295661485,1.0
2416,1047.9765444326229,0.0
2417,768.9607030941465,0.0
2418,1141.3135914220263,1.0
2419,1221.6299063281203,1.0
2420,1191.6686806279592,1.0
2421,1249.1070988294427,1.0
2422,1293.5181613321495,1.0
2423,1370.206495493095,1.0
2424,934.2821907757284,0.0
2425,968.0473521439751,0.0
2426,1155.0514372982318,1.0
2427,995.2732695928939,0.0
2428,1013.6170770838443,0.0
2429,1102.55930289498,1.0
2430,914.739393272285,0.0
2431,1416.3263885038496,1.0
2432,1211.7709123010952,1.0
2433,1175.5485152527363,1.0
2434,1085.3203392275457,1.0
2435,1090.627016324665,1.0
2436,1149.008759654625,1.0
2437,994.1804625090307,0.0
2438,1011.638333725038,0.0
2439,913.6226167928439,0.0
2440,935.1732889764454,0.0
2441,983.7720572491446,0.0
2442,1122.290305931363,1.0
2443,1069.118648046973,1.0
2444,1233.4873346741147,1.0
2445,1019.4754736861382,0.0
2446,1052.989760079972,1.0
2447,1068.9498233031954,1.0
2448,974.2260444211096,0.0
2449,978.3932898907275,0.0
2450,1265.2806323117234,1.0
2451,730.059371610176,0.0
2452,1028.9569631668983,1.0
2453,1235.2075434198239,1.0
2454,1139.95458485302,1.0
2455,1139.159860906298,1.0
2456,1178.908453775358,1.0
2457,1194.0466781335585,1.0
2458,1224.4978549346927,1.0
2459,788.6527299499,0.0
2460,1003.544568704707,0.0
2461,1110.0759504584942,1.0
2462,1108.5463837431676,1.0
2463,1311.3340552044156,1.0
2464,689.3676887156371,0.0
2465,1267.77719931355,1.0
2466,1117.4927865869747,1.0
2467,1043.4078264669952,1.0
2468,1157.363466107854,1.0
2469,1254.970727359808,1.0
2470,992.1039872525336,0.0
2471,1219.1445874463222,1.0
2472,1241.56622467772,1.0
2473,713.6321156689573,0.0
2474,1021.1924981268955,0.0
2475,1407.8746001737898,1.0
2476,758.2564154404157,0.0
2477,1041.7293554859107,1.0
2478,824.9072219426884,0.0
2479,1114.626182549462,1.0
2480,1155.0323732418701,1.0
2481,1092.48031409073,1.0
2482,902.6164429631932,0.0
2483,1081.2983542723507,1.0
2484,1118.0835711529373,1.0
2485,1001.4403711972576,0.0
2486,1085.7871886219966,1.0
2487,1071.1453463319294,1.0
2488,740.0902288377779,0.0
2489,1085.6092182622378,1.0
2490,915.5001007640764,0.0
2491,902.7681070066769,0.0
2492,1159.7840533695842,1.0
2493,1098.5698161452992,1.0
2494,1382.6349670610334,1.0
2495,1073.3385983395756,1.0
2496,1098.990091167661,1.0
2497,1224.4849376926331,1.0
2498,1126.6249755828003,1.0
2499,1115.351930095611,1.0
2500,1034.8119681709195,1.0
2501,845.9302997846999,0.0
2502,838.6687732431175,0.0
2503,1334.9770305650986,1.0
2504,1502.6165444772255,1.0
2505,1393.9602252792693,1.0
2506,1051.9405056292867,1.0
2507,1284.3004328217469,1.0
2508,1165.0983622601361,1.0
2509,1099.7403026297075,1.0
2510,1108.4688084294955,1.0
2511,1255.5232455058965,1.0
2512,1232.5115965876528,1.0
2513,837.8228539590442,0.0
2514,1178.2942825441378,1.0
2515,1281.5419225534538,1.0
2516,1210.0586065359332,1.0
2517,1035.6194662372927,1.0
2518,1031.963920172543,0.0
2519,1226.5904560333388,1.0
2520,982.6013012242682,0.0
2521,1189.7469988176242,1.0
2522,1418.4372906434282,1.0
2523,1095.6032273581775,1.0
2524,1132.7994091329363,1.0
2525,1209.0193594978743,1.0
2526,1029.5570521511252,1.0
2527,1060.1606538968213,1.0
2528,877.5251990343974,0.0
2529,1074.3729345890179,1.0
2530,1183.6206376703776,1.0
2531,1216.847229139245,1.0
2532,916.2208880617226,0.0
2533,940.3255598012851,0.0
2534,971.5932284673116,0.0
2535,938.3827204564964,0.0
2536,1300.965087228834,1.0
2537,1081.1073416228494,1.0
2538,698.3544822705237,0.0
2539,1050.4279255316312,1.0
2540,1047.3833471997748,1.0
2541,1109.0834269445063,1.0
2542,1104.1379971833042,1.0
2543,1069.174118471815,1.0
2544,1093.8509807033056,1.0
2545,1217.766587275675,1.0
2546,1022.6365934140485,0.0
2547,1091.59219818321,1.0
2548,1027.6781491311954,0.0
2549,1233.9638881520236,1.0
2550,1151.879897663484,1.0
2551,1004.2429232363116,0.0
2552,1057.005483011592,1.0
2553,1349.3561421309887,1.0
2554,1217.4191057336138,1.0
2555,1112.8498964926998,1.0
2556,1059.2702104016182,1.0
2557,1019.4876805240109,0.0
2558,1051.3910401094033,1.0
2559,1056.3429619329627,1.0
2560,1018.1090466868156,0.0
2561,1223.013331679996,1.0
2562,915.0260326964991,0.0
2563,1317.0825174536294,1.0
2564,1046.3967285855651,1.0
2565,1301.4639884691387,1.0
2566,1287.0544262698702,1.0
2567,1304.9849549785401,1.0
2568,683.9664545391793,0.0
2569,684.8690101323419,0.0
2570,1180.065706610234,1.0
2571,953.8102508783502,0.0
2572,945.2914459733677,0.0
2573,912.0816368420662,0.0
2574,1159.7603034832912,1.0
2575,1041.5379398674968,1.0
2576,1277.6306064141088,1.0
2577,1020.3562811900259,1.0
2578,1178.3924221947373,1.0
2579,1274.450550043677,1.0
2580,1371.067770805706,1.0
2581,1210.4062768751758,1.0
2582,722.2817507468146,0.0
2583,1083.661068101396,1.0
2584,679.8218906834293,0.0
2585,1026.1496802975814,1.0
2586,1030.1084730357138,1.0
2587,1082.671461101777,1.0
2588,1189.85096018603,1.0
2589,1146.3431799579193,1.0
2590,1061.3283706988927,1.0
2591,1060.6121671084989,1.0
2592,985.182625118764,0.0
2593,1075.0150703270008,1.0
2594,1156.0524214313314,1.0
2595,984.4086200240258,0.0
2596,1434.7100867892914,1.0
2597,1249.7215695528535,1.0
2598,1213.2948658523749,1.0
2599,1022.960453825501,0.0
2600,1462.0934043944374,1.0
2601,946.2245040164266,0.0
2602,905.7551502153689,0.0
2603,1271.299317108062,1.0
2604,783.2971860420005,0.0
2605,1144.0457385888167,1.0
2606,893.3294219137796,0.0
2607,1081.731470092045,1.0
2608,959.6896953552179,0.0
2609,1110.828486077827,1.0
2610,921.312497573814,0.0
2611,1072.9973983886073,1.0
2612,1191.0428261032312,1.0
2613,848.7463200944725,0.0
2614,1306.8503496145122,1.0
2615,1130.490083343743,1.0
2616,1096.2882381170273,1.0
2617,967.5742746402221,0.0
2618,1212.8280836961603,1.0
2619,1143.531688158412,1.0
2620,1300.7645491570875,1.0
2621,1290.7860685741994,1.0
2622,1131.193093800825,1.0
2623,911.1301730100535,0.0
2624,1016.1781963354675,0.0
2625,1258.856567320096,1.0
2626,1151.5133830760471,1.0
2627,1417.1916190048667,1.0
2628,1100.5379463203292,1.0
2629,1185.6367952012054,1.0
2630,1040.6237897659257,1.0
2631,1119.3935498731473,1.0
2632,1017.140147414535,1.0
2633,1151.8926831937106,1.0
2634,965.2002896164395,0.0
2635,1016.6655587650725,0.0
2636,1102.6068851855377,1.0
2637,1077.405331068392,1.0
2638,894.9949488414672,0.0
2639,1336.3838642175067,1.0
2640,1283.0497012534372,1.0
2641,1094.998310124208,1.0
2642,871.0444831200921,0.0
2643,1185.0892467905212,1.0
2644,1149.6944629107625,1.0
2645,1119.2830067739608,1.0
2646,963.6199105710035,0.0
2647,1455.4209076668067,1.0
2648,1015.8193375540176,1.0
2649,1046.6469899139972,1.0
2650,1324.0410678635892,1.0
2651,1060.9655261563878,1.0
2652,918.4661659014555,0.0
2653,1097.693345803692,1.0
2654,1347.9785050667504,1.0
2655,691.9369563334991,0.0
2656,946.1345390099627,0.0
2657,1107.0598845999916,1.0
2658,1056.8676377420556,1.0
2659,1119.1927383573482,1.0
2660,684.1891542452477,0.0
2661,1533.1140677104063,1.0
2662,1190.2934017884882,1.0
2663,1023.0966033561889,1.0
2664,1331.3353219570504,1.0
2665,931.888101878761,0.0
2666,1101.7186247075708,1.0
2667,1245.0503139581676,1.0
2668,1040.1555240803998,0.0
2669,994.7322889569581,0.0
2670,694.643090504394,0.0
2671,1054.3355360609976,1.0
2672,999.6863768119858,0.0
2673,1166.596322226067,1.0
2674,1026.3747159863135,1.0
2675,1257.462555652454,1.0
2676,987.9229525024633,0.0
2677,1005.511391795879,0.0
2678,1068.1043193276946,1.0
2679,1151.328430884791,1.0
2680,694.9633801323868,0.0
2681,1020.9703299753257,0.0
2682,954.033823820249,0.0
2683,1135.2522548047803,1.0
2684,966.931080578343,0.0
2685,1200.3897326157967,1.0
2686,1058.3860321041284,1.0
2687,1233.1190774664165,1.0
2688,1097.7263970481597,1.0
2689,701.2919202977096,0.0
2690,1215.1350901907886,1.0
2691,1141.9296577000614,1.0
2692,1115.4048212853154,1.0
2693,1006.0873946038871,0.0
2694,1097.3293751291762,1.0
2695,1181.0246785972945,1.0
2696,1011.8075644780833,0.0
2697,1250.0978255215916,1.0
2698,1152.9791993722124,1.0
2699,1161.1822749393461,1.0
2700,1098.7416779439325,1.0
2701,1094.2169023128588,1.0
2702,1157.172142801701,1.0
2703,1068.4805296157112,1.0
2704,1318.6022900037692,1.0
2705,1066.6937515383831,1.0
2706,1072.5900924603125,1.0
2707,1115.3608023920458,1.0
2708,1061.5992806333288,1.0
2709,1412.4420201746887,1.0
2710,693.1582689460613,0.0
2711,1171.2159245005305,1.0
2712,1090.6868766789528,1.0
2713,1163.3019362704135,1.0
2714,1094.7328789711783,1.0
2715,970.8266958997777,0.0
2716,1005.1818011191291,0.0
2717,1204.9203963665898,1.0
2718,1190.8345801228288,1.0
2719,1066.6247051920066,1.0
2720,1160.8307252127315,1.0
2721,1070.4779265922216,1.0
2722,940.7847526843385,0.0
2723,1187.7613804752214,1.0
2724,888.8688243561443,0.0
2725,1030.1641088275092,1.0
2726,1391.2444148229793,1.0
2727,1122.3797439437753,1.0
2728,973.5782235192032,0.0
2729,1079.0003795335501,1.0
2730,1053.902264964567,1.0
2731,998.4320655967126,0.0
2732,1083.3386362492174,1.0
2733,705.0821173759854,0.0
2734,1299.3457056415073,1.0
2735,1217.8233879047143,1.0
2736,702.2325156640563,0.0
2737,972.6770233411744,0.0
2738,685.1513036878905,0.0
2739,1344.8311404823755,1.0
2740,1140.725692609792,1.0
2741,1249.2818040134891,1.0
2742,945.820354775734,0.0
2743,1142.7014521474562,1.0
2744,1059.5518486917995,1.0
2745,1213.3824789700038,1.0
2746,1035.6712963013642,1.0
2747,1110.511247866093,1.0
2748,1053.7316632013244,1.0
2749,921.7751679096791,0.0
2750,1206.9889297336797,1.0
2751,1293.605203975912,1.0
2752,1048.9587351814785,1.0
2753,1129.847143780886,1.0
2754,1033.0684990092232,1.0
2755,945.7971168149321,0.0
2756,1095.4597255543626,1.0
2757,1053.3256230121215,1.0
2758,1087.8749289767484,1.0
2759,1054.325581117442,1.0
2760,1136.9864920350801,1.0
2761,1195.710206812026,1.0
2762,919.7037141161784,0.0
2763,1092.771835701388,1.0
2764,1329.1574274941895,1.0
2765,1417.5823654056353,1.0
2766,996.1794911415644,0.0
2767,1276.5183072330763,1.0
2768,1273.757641318338,1.0
2769,805.2665747487098,0.0
2770,956.5030603447188,0.0
2771,1079.8996015249534,1.0
2772,973.6175026761538,0.0
2773,1121.9807091432674,1.0
2774,1094.0714121734852,1.0
2775,1265.2881059565282,1.0
2776,1078.745659743508,1.0
2777,880.4736923202269,0.0
2778,1010.7464884232874,0.0
2779,1096.7595252887586,1.0
2780,1016.535956592711,0.0
2781,1136.9340055052223,1.0
2782,1051.0735813421181,1.0
2783,721.6136516286092,0.0
2784,1077.9635793288164,1.0
2785,1041.564568664853,1.0
2786,963.3553625354817,0.0
2787,693.8448132226364,0.0
2788,1253.2572552152476,1.0
2789,1286.6222319648077,1.0
2790,939.322846319957,0.0
2791,1216.8166173811521,1.0
2792,981.538947398956,0.0
2793,1073.2554529302818,1.0
2794,1192.9331921629432,1.0
2795,1459.641134277695,1.0
2796,951.119569076171,0.0
2797,1043.2264217542022,1.0
2798,1548.5768833621082,1.0
2799,1230.8261725388859,1.0
2800,981.5788900288537,0.0
2801,1133.8270264787195,1.0
2802,902.3834274596495,0.0
2803,900.7437982393258,0.0
2804,954.6043209489144,0.0
2805,937.1402211646348,0.0
2806,931.3533605854527,0.0
2807,1140.804665347936,1.0
2808,1289.966005197889,1.0
2809,1002.6619179662965,0.0
2810,1006.371670414101,0.0
2811,1152.9777624584426,1.0
2812,1052.0337427965696,1.0
2813,1250.3188903027706,1.0
2814,986.3105483911861,0.0
2815,1280.6315845671004,1.0
2816,1123.6387682132042,1.0
2817,1179.1904223776928,1.0
2818,1031.1347810163288,1.0
2819,1290.8491443392827,1.0
2820,1095.6974136648168,1.0
2821,1323.9221019393651,1.0
2822,1080.0183949072468,1.0
2823,834.4379627869755,0.0
2824,1011.6920633091473,0.0
2825,1297.6661077327599,1.0
2826,906.4775672774306,0.0
2827,948.3688336506826,0.0
2828,1012.159985092223,0.0
2829,1136.786584254153,1.0
2830,1525.7679220392442,1.0
2831,1123.7018710070183,1.0
2832,1276.3472988667768,1.0
2833,986.9006348001873,0.0
2834,994.6725215831457,0.0
2835,1114.7396909816987,1.0
2836,995.2792846948059,0.0
2837,1145.674985069499,1.0
2838,1277.4590924278004,1.0
2839,1145.2854841598485,1.0
2840,805.4111595035255,0.0
2841,1289.3801508095714,1.0
2842,955.7050932860511,0.0
2843,1233.3698176279245,1.0
2844,1019.2112689174069,0.0
2845,874.2049241505586,0.0
2846,1072.9890022205643,1.0
2847,988.7438202381363,0.0
2848,679.8218906834293,0.0
2849,1029.2697586516128,1.0
2850,1136.5242529703708,1.0
2851,1139.3439788810238,1.0
2852,1059.5837320977655,1.0
2853,1114.2753369443806,1.0
2854,1022.8240511823631,1.0
2855,893.8472585170456,0.0
2856,1261.2467965031963,1.0
2857,1096.8014965961047,1.0
2858,941.5020244351496,0.0
2859,922.0913218158934,0.0
2860,947.2865811448519,0.0
2861,1075.7060443326975,1.0
2862,1257.3386915620756,1.0
2863,1198.6694277556144,1.0
2864,1074.2382318354134,1.0
2865,1045.6867497291153,1.0
2866,1246.5811787486132,1.0
2867,979.0973161991874,0.0
2868,1057.3842785968359,1.0
2869,1212.8797098028442,1.0
2870,1245.7253812561971,1.0
2871,1206.458635765506,1.0
2872,1050.6439281894675,1.0
2873,1399.9968221232582,1.0
2874,1282.6901549463978,1.0
2875,962.6130601581356,0.0
2876,685.180312457964,0.0
2877,679.8218906834293,0.0
2878,1344.3013337937132,1.0
2879,1345.3458803429498,1.0
2880,1432.9929172803568,1.0
2881,1072.355259351872,1.0
2882,953.8670775128033,0.0
2883,1036.5767553408964,1.0
2884,1285.0788035617722,1.0
2885,910.3803284051858,0.0
2886,686.4757451554128,0.0
2887,683.520671974894,0.0
2888,821.0002025593205,0.0
2889,1173.2243952401175,1.0
2890,1563.3263838597877,1.0
2891,1058.671889555767,1.0
2892,1194.3644554311109,1.0
2893,1055.416265118454,1.0
2894,1390.6112824735926,1.0
2895,920.1282084465901,0.0
2896,1039.4684620809526,1.0
2897,1035.9105616766822,1.0
2898,1104.897274900943,1.0
2899,999.4906020609817,0.0
2900,1169.5630420499854,1.0
2901,1392.8919001262284,1.0
2902,948.6945144801687,0.0
2903,1108.3099997419795,1.0
2904,1053.4183081825931,1.0
2905,986.6023274197906,0.0
2906,1221.0700417725577,1.0
2907,947.463429726607,0.0
2908,1055.8237062294859,1.0
2909,1130.1815439755005,1.0
2910,922.2441135535091,0.0
2911,874.92661587762,0.0
2912,1116.7661164290082,1.0
2913,1059.091093829412,1.0
2914,936.647280059488,0.0
2915,989.8638228460269,0.0
2916,933.059888911846,0.0
2917,965.6576535992085,0.0
2918,1147.0671622696882,1.0
2919,1243.7051177586832,1.0
2920,1303.0001185142773,1.0
2921,1359.8624630250952,1.0
2922,1070.2357945105355,1.0
2923,980.842210744762,0.0
2924,1323.8172068859758,1.0
2925,955.2371745177047,0.0
2926,1144.6509522214126,1.0
2927,1072.0474536026438,1.0
2928,686.7486245557025,0.0
2929,1213.3567235563796,1.0
2930,1011.1860211225957,1.0
2931,960.6394536429017,0.0
2932,1259.1528194275872,1.0
2933,998.3388089889302,0.0
2934,1270.93001741942,1.0
2935,1131.3746846001432,1.0
2936,1077.3546456493832,1.0
2937,1074.8655726870916,1.0
2938,1175.2611251177243,1.0
2939,1112.203597841855,1.0
2940,927.0469016499889,0.0
2941,1187.0087000445717,1.0
2942,1093.767887290957,1.0
2943,941.7290497600834,0.0
2944,1153.1292766462343,1.0
2945,1271.9981418094878,1.0
2946,1086.0902253941429,1.0
2947,1081.1061408890937,1.0
2948,721.5032956424095,0.0
2949,1188.6474955048582,1.0
2950,1071.9421350548837,1.0
2951,1032.0315341435492,0.0
2952,1340.4168741787096,1.0
2953,1221.244076186223,1.0
2954,1215.4828910347871,1.0
2955,1173.315709820198,1.0
2956,1298.2781258115065,1.0
2957,909.6611805262196,0.0
2958,686.1342409025326,0.0
2959,706.2665833725483,0.0
2960,923.012783208685,0.0
2961,1188.6547080506018,1.0
2962,1076.1458726707867,1.0
2963,1404.978025876063,1.0
2964,1156.081295978002,1.0
2965,1094.9569711173724,1.0
2966,1247.2429818117084,1.0
2967,1045.927032871334,1.0
2968,1154.1274204354872,1.0
2969,1189.2802631456534,1.0
2970,914.5181701973875,0.0
2971,1053.0310103115903,1.0
2972,1172.8651704205129,1.0
2973,993.2117613357145,0.0
2974,1273.748273160118,1.0
2975,1123.3519165740656,1.0
2976,1288.0683968872454,1.0
2977,1044.7420270182502,1.0
2978,679.8218906834293,0.0
2979,1132.2226927394463,1.0
2980,1224.780838594378,1.0
2981,994.3846765628156,0.0
2982,1047.5854410522575,1.0
2983,966.3596940645228,0.0
2984,972.0539519287618,0.0
2985,963.0805459982233,0.0
2986,1285.8063612885826,1.0
2987,1047.8058325076313,1.0
2988,976.7967579085769,0.0
2989,1178.9851535299542,1.0
2990,1359.7919969639338,1.0
2991,747.5553979190722,0.0
2992,1215.9768750476817,1.0
2993,855.2724464549324,0.0
2994,708.5531742827134,0.0
2995,1035.5717060349355,1.0
2996,1208.7935382315354,1.0
2997,1093.887950209158,1.0
2998,1140.8614338552172,1.0
2999,962.5223032214795,0.0
3000,862.0438735048588,0.0
3001,967.8032768723492,0.0
3002,1113.3820224065341,1.0
3003,1077.2240748466372,1.0
3004,1042.747396147239,1.0
3005,1366.340175685556,1.0
3006,1215.1215105146164,1.0
3007,1100.9680307798667,1.0
3008,1077.9840716328451,1.0
3009,1177.1914054142826,1.0
3010,1063.6920052254316,1.0
3011,916.492798576702,0.0
3012,1310.9880689487122,1.0
3013,1063.4424262397376,1.0
3014,1082.5003190198277,1.0
3015,1068.0215100544415,1.0
3016,980.6449012762059,0.0
3017,907.5938852389233,0.0
3018,1269.6554854636574,1.0
3019,1143.5122576318706,1.0
3020,1173.4526634766535,1.0
3021,1165.4112949904686,1.0
3022,1234.2231065932672,1.0
3023,1029.0591157036113,0.0
3024,1006.7281973161772,0.0
3025,1071.4354685035566,1.0
3026,1257.97967077244,1.0
3027,1049.5046305121396,1.0
3028,1037.9964254033264,1.0
3029,1111.4836563295848,1.0
3030,1239.667090430839,1.0
3031,872.4582301625712,0.0
3032,1054.171867529113,1.0
3033,1064.2001953164527,1.0
3034,920.2178763457099,0.0
3035,993.2094870416255,0.0
3036,941.0586454312825,0.0
3037,1132.5614734362623,1.0
3038,1002.7949636531577,0.0
3039,1163.6046469737223,1.0
3040,1105.9176502565263,1.0
3041,940.2754725553326,0.0
3042,937.343589423104,0.0
3043,907.9676481308667,0.0
3044,1156.6879753960186,1.0
3045,1094.5148971873998,1.0
3046,1152.88885285143,1.0
3047,1167.5655528648117,1.0
3048,1463.6136472319595,1.0
3049,1076.0192681475946,1.0
3050,1016.0919501348312,0.0
3051,1016.9992060019065,0.0
3052,1116.528004372103,1.0
3053,1006.1345100603065,0.0
3054,1035.5986137999978,1.0
3055,1070.6803862346417,1.0
3056,1054.6402929047583,1.0
3057,684.1103489331015,0.0
3058,970.8087180769376,0.0
3059,1126.4196549752278,1.0
3060,925.1228483617645,0.0
3061,1054.9504611621198,1.0
3062,937.4892550832797,0.0
3063,1163.4267707109832,1.0
3064,1096.64651688646,1.0
3065,1227.3856064943448,1.0
3066,1220.0823363151178,1.0
3067,1178.252017662905,1.0
3068,1121.3718709644243,1.0
3069,934.6959269205728,0.0
3070,879.0261347923649,0.0
3071,1348.1544752995878,1.0
3072,725.0004079908949,0.0
3073,683.9068606896992,0.0
3074,1091.9884957042,1.0
3075,1133.6771060858905,1.0
3076,759.8031207056379,0.0
3077,1206.0166503327036,1.0
3078,1145.0058150366401,1.0
3079,1037.422356200502,1.0
3080,1196.5775465918523,1.0
3081,1419.6275816126667,1.0
3082,1025.6975977374052,0.0
3083,878.1765179708331,0.0
3084,1021.4701780007049,1.0
3085,1034.4178862448478,0.0
3086,981.4214030748428,0.0
3087,1093.7126977497915,1.0
3088,990.1732007881484,0.0
3089,1260.9804170409695,1.0
3090,1084.8543580390506,1.0
3091,1068.6689090507455,1.0
3092,872.0807272479112,0.0
3093,1127.2937982014475,1.0
3094,1041.1904638133517,1.0
3095,931.4620763251737,0.0
3096,915.7055633911785,0.0
3097,996.7241026603353,0.0
3098,1115.485494718661,1.0
3099,1079.0907452135161,1.0
3100,878.9642804710567,0.0
3101,1159.1323771360674,1.0
3102,1207.3343791518598,1.0
3103,1057.9141669854905,1.0
3104,1041.229277403512,1.0
3105,969.8144175020207,0.0
3106,987.8596637112634,0.0
3107,1231.0670994009122,1.0
3108,1081.1224397121273,1.0
3109,1289.3137282634245,1.0
3110,1003.2602286293558,0.0
3111,968.1405303991107,0.0
3112,973.4543000925667,0.0
3113,687.7742867707882,0.0
3114,1105.4216764398573,1.0
3115,1159.5948243302817,1.0
3116,1056.3672171915337,1.0
3117,950.3507422236066,0.0
3118,1002.4118781027823,0.0
3119,1128.1147634587212,1.0
3120,1098.1640491083895,1.0
3121,1224.7665008011686,1.0
3122,679.8218906834293,0.0
3123,1157.1912816700433,1.0
3124,1043.9355468675635,0.0
3125,943.9949479438499,0.0
3126,916.8195926381113,0.0
3127,1124.7082147654728,1.0
3128,993.3396267331925,0.0
3129,908.9186344683065,0.0
3130,1077.6966456620412,1.0
3131,1111.5948214750229,1.0
3132,852.849975748436,0.0
3133,998.5948141162607,0.0
3134,993.2638720449193,0.0
3135,1064.6778762946478,1.0
3136,986.293780038663,0.0
3137,1397.5281807496813,1.0
3138,1356.681816081389,1.0
3139,1121.7382063974812,1.0
3140,1015.2223194594098,1.0
3141,1197.3790225141527,1.0
3142,1248.3085754135307,1.0
3143,1116.0831557404556,1.0
3144,1121.7670745941728,1.0
3145,693.1468953293208,0.0
3146,1121.5025749359907,1.0
3147,947.3200732890383,0.0
3148,1155.634808514584,1.0
3149,1002.151350572728,0.0
3150,1299.8962861556718,1.0
3151,1113.7114304655877,1.0
3152,1129.119586329804,1.0
3153,1128.7872491988674,1.0
3154,961.3675729949218,0.0
3155,1027.6493799165726,1.0
3156,1338.1264464375033,1.0
3157,1110.8232227802723,1.0
3158,1079.790145081018,1.0
3159,1299.515856027178,1.0
3160,1216.394187977071,1.0
3161,1035.1840909135683,1.0
3162,1092.737381512155,1.0
3163,1124.3357265573802,1.0
3164,985.0896025912169,0.0
3165,1140.795782158673,1.0
3166,1067.0271439613273,1.0
3167,925.8537593469065,0.0
3168,1272.4107601685764,1.0
3169,1065.6649044382198,1.0
3170,1350.3938608227602,1.0
3171,1176.267335664114,1.0
3172,1309.4035551334464,1.0
3173,873.6484716769369,0.0
3174,1177.8493840165588,1.0
3175,1080.5906623581477,1.0
3176,1067.4783560840292,1.0
3177,1101.1690472580076,1.0
3178,946.9520910914828,0.0
3179,1154.5038299202172,1.0
3180,1037.0370068366221,0.0
3181,906.0967855600002,0.0
3182,1064.950208027121,1.0
3183,1108.471823421365,1.0
